id,text,type,kind,date,source,embedding
text_042_20210512,최초 접근방법 피해자 연령 피해자 성별 사기 유형 인터넷 카페 n.a. 남성 대출빙자형   2021.4월 어느 날 저금리 대출 관련해서 보이스피싱을 당했습니다. 카페에서 저금리로 대출을 해준다는 글을 보고 연락을 했는데 텔레그램으로 연락을 주고받게 되었습니다. 매니저라는 사람이 거래내역이 있어야 한다고 해서 돈을 구하느라 몇일 동안 몇 차례에 걸쳐서 입금을 했는데 그 이후로 카페도 폐쇄되고 연락이 안되는 상황입니다.,scenario,hwp,20210512,불법금융대응단,[]
text_043_20210512,"최초 접근방법 피해자 연령 피해자 성별 사기 유형 인터넷 카페 30대 남성 대출빙자형   2021년 3월 중순 인터넷투자 까페에 대환대출을 조건이 어렵지 않고 이율도 최저로 금액도 최대로 해준다는 내용의 글을 보았습니다. 저는 투자금이 없었고 기존의 대출이 있는 관계로 글쓴이에게 메신저로 연락하였더니, 자기도 대출을 진행했고 그 덕분에 돈을 많이 벌 수 있었다라고 알려주었습니다.   조금 망설였으나 그 사람이 가족사진이며 이름이나 각종 정보들을 주고 해서 친해졌습니다. 그 사람과 다시 얘기를 해서 대출을 진행하였습니다.   그 사람이 “대출자금이 해외에서 들어오는 자금세탁용 검은 돈이어서 비밀스럽게 진행하고 5천만원 정도 보내면 한 2억원은 대출이 진행될 것이다"" 해서  제가 ""확실한 거냐? 책임질 수 있냐?"" 물었는데, 그 사람이 “확실하고 책임질 수 있고 나도 두 아이의 아빠인데 거짓말 하겠냐?"" 라고 하였습니다.  저는 그 말을 듣고 3월 26일 천만원씩 5천만원을 ○○은행 계좌로 송금했고  “기다리면 몇일 사이에 자금세탁이 되어 계좌로 입금될 것이다 기다리라"" 말만 듣고 기다렸으나, 3월 31일 9만원, 4월 1일 237만원 및 444만원 나누어서 제 □□은행 계좌로 입금되었습니다.  그래서 “왜 이리 적게 입금 되냐?” 따져 물으니  그 사람이 “해외에서 자금세탁이 문제가 생겨 일부밖에  되지 않아 그렇다."" 하고  제가 “그러면 나머지 금액은 언제쯤 나오나?” 물었더니  그 사람이 “기약은 알 수 없으니 기다려야 되고 내가 최대한 힘써 보긴 하는데 그러려면 뇌물(?)이 필요하다. 그래서 입금을 하면 빠르게 해결할 수 있고 오히려 금액이 더 크게 나오게 힘써 보겠다.""라고 하였습니다.  이 얘기를 듣고 처음에는 망설였으나 언제 나올지 기약도 없다 하고 돈을 못 받을 수도 있어서 뇌물로 돈을 쓰는 것밖에 방법이 없다 하여 입금한 5천만원이 생각나 최대한 돈을 빨리 마련하여 5천만원을 더 송금했습니다.  그 이후로 메신저도 차단되었고 더 이상 연락이 불가능 하였습니다.",scenario,hwp,20210512,불법금융대응단,[]
text_044_20210512,"최초 접근방법 피해자 연령 피해자 성별 사기 유형 인터넷 광고 n.a. 여성 대출빙자형   2021년 3월 어느 날 대출을 좀 받아볼까 하고 인터넷을 알아보던 도중 대환대출을 금리 낮게 해준다고 하여 ○○캐피탈이라는 사이트에 들어갔고,   5000만원 대출을 신청하였습니다. 텔레그램 메신저로 이야기를 나누었으며,  캐피탈 측에서 “대출을 받으려면 요즘 코로나 때문에 받는 분들이 많아 거래내역을 4차례 남겨야 됩니다.” “대환대출을 위해 필요하니 지정하는 계좌로 금액을 입금하세요”라고  안내하여 송금하라는 금액에 맞춰 송금했지만,  대출이 이루어지지 않았고 연락이 두절되었습니다.",scenario,hwp,20210512,불법금융대응단,[]
text_045_20210511,"최초 접근방법 피해자 연령 피해자 성별 사기 유형 문자메시지 60대 여성 메신저피싱   2021년 3월 21일(일) 오후 2시경 저는 메신저피싱에 걸려들어 사기범에게 신분증과 계좌정보를 송부하였고, 사기범이 보내준 URL을 눌러서 악성액을 깔았습니다. 악성앱이 설치되자 핸드폰 통화 자체가 되지 않았습니다.  사기범은 탈취한 신분증 등으로 제 명의 ○○증권회사 비대면 계좌를 개설하고 오픈뱅킹에 가입한 후 오픈뱅킹에 등록된 제 □□은행 계좌에서 1천만원을 제 명의로 개설한 동 증권회사 계좌로 이체하여 편취하였습니다.  저는 즉시 보이스피싱임을 알게 되었으나, 핸드폰에 악성앱이 설치되어 통화를 할 수가 없어 □□은행에 지급정지도 신청할 수 없었고, 피해금이 모두 인출되는 것을 막을 수 없었습니다.",scenario,hwp,20210511,블법금융대응단,[]
text_046_20210511,"최초 접근방법 피해자 연령 피해자 성별 사기 유형 문자메시지 60대 여성 메신저피싱   2021년 2월 ○○일 딸을 사칭한 문자메시지를 받고 팀뷰어 원격 어플로 □□은행의 예적금, 청약 통장에 있던 약 6천만원을 탈취 당했습니다. 오후 4시부터 10시까지 약 6시간 동안 사기꾼들이 □□은행 어플을 접속하여 모든 금액을 타행 계좌로 이체해 갔습니다.   사건 발생 과정은 다음과 같습니다. 2021년 2월 23일 오후 12시 경 딸이라며 문자를 보내왔습니다. 저는 의심없이 믿고 있었는데, 신분증, 계좌, 비밀번호를 요구하길래 보내주었고, 팀뷰어 어플을 설치하라고 하여 설치하였습니다. 그랬더니 ○○은행 고객센터 번호가 차단되도록 설정되었습니다.  그것도 모르고, 보안카드나 OTP 번호를 요구하길래 은행 지점을 방문하여 OTP를 발급받았고, OTP 생성번호를 보냈습니다.  그 후 딸을 사칭한 사기범이 4시 경부터 은행 어플에 접속하여 예&#8226;적금 및 청약통장을 해약하였으며, 10시까지 약 6시간 동안 은행 어플을 통해 100만원 미만의 금액을 반복적으로 타행 계좌로 이체하여 총 6천만원 가량을 탈취하였습니다.",scenario,hwp,20210511,불법금융대응단,[]
text_047_20210511,"최초 접근방법 피해자 연령 피해자 성별 사기 유형 문자메시지 60대 여성 메신저피싱   2021년 2월 ○○일 오후 3시경에 딸을 사칭하여  “휴대폰이 고장이 나서 전화를 쓰게 되었다”며  “전화번호를 카톡추가 하라”고 하여 하였더니  급하게 “엄마카드로 상품권을 사고 현금반환 계좌번호를 알려줘” 해서  “상품권을 카드로 살수 없다”고 하자  “이번에 더 저렴하게 살수 있어. 앱설치를 부탁해”해서 앱을 설치하고,  “비번 알려줘” 해서 알려주었더니  휴대폰이 3시간 정도 통제가 되지 않고 계속 진행되었습니다.  오후 5시경 집에 오니 진짜 딸이 보이스피싱 당한 것 같다고 연락해왔습니다.  확인해보니, 내 ○○계좌에서 450만원정도 &#9634;&#9634;은행에서 20만원정도 인출되어 있었습니다.",scenario,hwp,20210511,불법금융대응단,[]
text_048_20210511,"최초 접근방법 피해자 연령 피해자 성별 사기 유형 문자메시지 60대 여성 메신저피싱   2021년 2월 00일 오후 낯선 문자가 하나 떴습니다.  “누구냐?”고 했더니,  “엄마 딸”이라면서 시집 간 딸이 문자 보내는 말투, 이모티콘이 너무 똑같아 “이게 뭐냐?” 하고 물었더니, “아침에 출근하다가 전화기 액정이 깨져서 대리점에 맡겼더니 급한 연락할 때만 쓰라고 빌려줬어. 문자랑 카톡만 돼. ○○○○○로 카톡 친구추가 해줘” 라고 해서 카톡 친구추가 해주었더니, 카톡에 들어왔습니다. “휴대폰으로 받아야 할 문자가 있는데, 전화기를 대리점에 맡겨서 못 받으니까 엄마 전화로 잠깐 문자 받고 일하려고 해.” 그리고는 애플리케이션 화면이 떴습니다. “이거 누르고 잠깐만 기다리고 있어봐~ 내가 급한 볼일만 좀 받게” 그러기에 “그러마” 했더니, “아, 엄마 폰이 명의가 본인이 아니야. 본인확인하게 신분증 앞뒤 사진이랑 카드 앞뒤사진이랑 찍어서 보내줘”라고 하는 것이었습니다.  그래서 사진을 찍어 보냈는데, 이상하게 그 때는 다른 카톡과 전화, 문자는 한 번도 오질 않았습니다.   다음 날 아침 제가 수술후 치료 받으러 병원 가는 길에 카톡이 왔습니다. “엄마, 병원이야?”  그동안 제 딸과 대화한 카톡을 읽었는지 모든 상황을 알고 있는 듯 했습니다. “전화는?” “아, 지금 대리점 가고 있는 중. 참 신용카드 사진도 좀 보내줘~ 오전 중에 끝나” “얼른 전화 찾아~” 하면서 신용카드 앞뒤면 사진을 찍어 보내주었습니다.  그런데, 직장에 출근했던 아들이 뛰어 들어와 전화를 보니까 어제 그 시간부터 저에게 왔던 전화들은 차단 표시가 되어 있고 그동안 했던 문자와 카톡내용 모두가 사라져 버렸습니다.  구글플레이에서 ○건의 소액결제를 하고 문자가 와 있어서 이메일을 열어보니까, &#9634;&#9634;은행에 대출신청한 동의서가 들어있었습니다. &#9634;&#9634;은행에 전화했더니 이미 내 이름으로 약 2천4백만원이 대출되어 여섯 명에게 나누어 송금했다고 하면서 원격조정으로 내 핸드폰이 해킹을 당한 거라고 했습니다.   태어나서 한 번도 거래가 없었던 &#9634;&#9634;은행에서 통장이 개설되고 소액결제와 대출신청이 인정되어 대출이 되었다 하니 납득이 되지 않습니다.",scenario,hwp,20210511,불법금융대응단,[]
text_049_20210511,"최초 접근방법 피해자 연령 피해자 성별 사기 유형 문자메시지 40대 여성 대출빙자형   2021년 1월 14일에 ○○저축은행으로 사칭한 곳으로부터 대출권유 문자를 받고 저의 운전면허증을 송부하였을 뿐 대출을 신청하지는 않았습니다.   사기범은 제 신분증으로 대포폰을 만들었고, 신분증과 대포폰을 이용하여 본인인증을 거쳐 제 명의로 증권회사 비대면계좌를 만들었습니다.   그리고나서 ○○저축은행에서 제 신분증과 대포폰, 그리고 제 명의로 개설된 증권회사 계좌 소액이체를 통해 본인인증을 거친 후 비대면 디지털 콜 대출 500만원을 동 증권회사 계좌로 받아서 탈취하여 갔습니다.",scenario,hwp,20210511,불법금융대응단,[]
text_050_20210510,"최초 접근방법 피해자 연령 피해자 성별 사기 유형 카톡 및 문자 50대 여성 메신저피싱   2021년 1월 ○○일(토) 아들이라며 휴대폰의 카톡과 문자메시지로 자기 폰에 문제가 생겼다고 하였습니다. 티몬이라는 사이트에 계정을 만들어야한다며 지정하는 사이트(원격으로 내 휴대폰을 공유하는 앱)을 설치하라고 하여 설치하였습니다.   그런 다음 통장번호와 통장 비밀번호, 신용카드 비밀번호(카드번호 제외)를 요구하여 알려주었습니다. 또 신분증을 찍어 보내라고 하여 운전면허증을 찍어서 보냈습니다.  그런 후 당일(토)과 익일(일)에 걸쳐 이 통장과 연계되어 있는 □□카드로 현금서비스 7,200,000원과 □□장기대출(카드론) 2건으로 29,900,000원이 대출되었고, 그 금액을 보이스피싱 범죄자들이 제 이름으로 개설한 △△투자금융의 계좌로 1차 이체하였고 또 다시 ◇◇투자증권 주식계좌를 개설하여 피해금액을 이체한 후 대포통장 등을 이용해 인출하여 갔습니다.",scenario,hwp,20210510,불법금융대응단,[]
text_051_20210510,"사기 유형 최초 접근방법 피해자 연령 피해자 성별 메신저피싱 문자메시지 50대 여성   2020.12.○○일 발생  ① 10:52 문자수신 “엄마, 폰 액정 깨져 문자만 됨” ② 10:57 딸(사칭), 주민증 사본, 비밀번호, 통장비밀번호 요청 ③ 10:58 피해자, 주민증, 신용카드, 통장번호, 비밀번호 발송 ④ 11:00 딸(사칭), 악성 앱 URL 발송 및 설치 요구 https://play.google.com/store/apps/details?id=com.teamreviewer.quicksupport.market ⑤ 11:24 피해자 폰에서 앱 생성  https://start.teamreviewer.com/719723616 ⑥ 11:57 ○○계좌번호+비밀번호 요구 및 자료발송 ⑦ 14:00 피해자 “핸드폰이 왜이리 뜨거울까?” 하고 딸한테 전화                 “너 아직까지 전화기 폰 고치가 있냐?”            딸 “엄마, 무슨 소리야 그거 보이스피싱 아니야?”           피해자 “어~ 너 폰에 문제 없구나”           딸 “그래, 내 폰에 아무런 문제 없지”           그때 아차 싶어서, 신고(112에 신고)하고, □□카드에 전화하니 현금서비스 360만원 인출되었고, 카드론 2,500만원 진행중 ⑧ 14:30 경찰서로 직접 달려감 ⑨ 14:40 경찰서에서 보이스피싱 사건 접수 및 상담 중 ○○에 전화하여 확인해보니 “귀하의 ○○계좌에서 △△투자증권으로 1,300여만원이 이체되었다” 알려줌 ⑩ 15:55 문자수신 “[◇◇] 귀하의 ◇◇계좌에서 △△투자증권 유** 계좌로 3,000,000원 이체완료” ⑪ 16:03 문자수신 “[◇◇] 귀하의 ◇◇계좌에서 ○○ 김** 계좌로 450,000원 이체완료” ⑫ 16:13 문자수신 “[◇◇] 귀하의 ◇◇계좌에서 ○○ 최** 계좌로 465,000원 이체완료”",scenario,hwp,20210510,불법금융대응단,[]
text_052_20210506,붙 임   메신저피싱 주요 사례    [사례 1] 휴대폰 고장을 핑계로 신분정보 탈취 및 악성앱 설치유도     [사례 2] 호칭을 특정하기 쉬운 사람에게 접근하여 송금불가를 핑계로 금전 편취     [사례 3] 대리로 문화상품권 등 물품을 구매하도록 유도,scenario,hwp,20210506,불법금융대응단,[]
text_053_20210430,"최초 접근방법 피해자 연령 피해자 성별 사기 유형 문자메시지 50대 여성 대출빙자형   2020년 10월 00일 ○○은행에서 대출이 된다는 문자를 받고 상담신청을 했습니다. 다음 날 전화가 걸려와 자신은 ○○은행 직원이라며 마이너스 대출이 가능하다고 하면서 ○○은행 대출신청서를 작성하라고 양식을 보내주었습니다.  그걸 깔았더니 핸드폰에서 악성앱이라고 뜨고 기존의 은행앱에서는 업무를 볼 수 없어서 그 직원에게 이를 말했더니 다른 앱을 깔라고 해서 깔았습니다.   다음 날 그 직원이라는 자가 전화하여 “주택담보대출 받은 걸 왜 말하지 않았어요?”라고 하면서 “그럼 고객님 통장에 돈을 넣어줄 테니 그걸로 한도조정 해서 마이너스 대출을 받을 수 있습니다”라고 하더라구요.  다음날 10시쯤 카드회사 직원이라고 하면서 다른 분이 나에게 전화하여  “본인인증을 해야 하니 인증번호 가면 불러 주세요”라고 해서 말해주었고,  “2시간 있다가 돈이 들어갈 텐데 은행에 가서 현금으로 찾아서 카드사 직원이 가면 주세요.” 라고 해서, 내가 “왜 현금으로 찾아서 줘야 해요?”라고 했더니,  “계좌로 보내면 기록이 남아서 한도 생성이 안 됩니다.”라고 했습니다.  그리고 나서 돈을 찾아 카드사 직원이라는 자에게 줬고 1시간 후엔 연락이 안 되어서 보이스피싱 당했다는 걸 알았죠.   순식간에 천만원을 사기 당했습니다.",scenario,hwp,20210430,불법금융대응단,[]
text_054_20210430,"최초 접근방법 피해자 연령 피해자 성별 사기 유형 유선통화 n.a. 남성 대면편취   2020년 10월 ○○일 □□은행 여의도 담당 이** 대리라고 전화가 왔었습니다. 이** 대리가 비싼 이자 금융권 대출 있으면 대환대출 해주겠다고 하였습니다. 전화번호가 1588-9999여서 일단 전화를 끊고 다시 확인하였더니 □□은행 전화가 맞아서 믿고 대환대출을 하기로 했습니다. 그리고 제가 대출한 금융회사들에 대환대출 협조공문을 보낸다고 하여 그렇게 해달라 하였습니다.   다음 날 오전, △△△캐피탈 김** 대리라는 사람한테 전화가 왔는데 저한테 금융법 위반을 했다고 하면서 무작정 제가 대출한 금액 전액을 갚으라고 했습니다. 금융감독원에서 알면 제가 벌금을 물려야할 사항이라고. 그래서 저는 □□은행에서 대출받아 갚으면 되는데 그런 법이 어디 있느냐 라고 따졌습니다. 그런데 대출 받은 지 6개월이 안되었는데 대출진행을 하면 그 자체가 불법이라고 했습니다. 그래서 전화 끊고 그곳에서 온 전화번호 1577-2280으로 전화해봤더니 △△△캐피탈이라는 ARS음성안내가 나와서 업체를 믿었습니다.   □□은행 이** 대리가 사정해서 △△△캐피탈에서 그런 전화가 왔다면 직원한테 사정해서 얼마라도 갚으라고 했습니다. 그래서 △△△캐피탈 직원한테 부탁했더니 60%를 상환하라고 했습니다. 저는 은행계좌를 불러달라 했는데 금융감독원에서 정지시켜놔서 현금으로 수납해야 한다고 했습니다.   그럼 제가 지점으로 가서 납부하겠다고 했는데 그것도 안 된다고 하면서 채권회수 직원을 저한테 보냈습니다. 그래서 현금 870만원을 주었습니다. 그런데 그 다음날 □□은행 이** 대리가 전화가 와서 □□은행 지점장이 대출 보류를 했다고 하면서 나머지를 완불하면 대출승인을 해주겠다고 했습니다.   △△△캐피탈로 다시 전화해서 완불하겠다고 했습니다. 오전 10시경, 또 다른 직원이 제 사무실에 와서 595만원을 수금해갔습니다. 그리고 저는 □□은행 이** 대리한테 전화를 했더니 오전 11시 전화드리고 대출실행을 해준다고 염려마시고 기다리라고 해서 기다렸습니다. 11시 30분이 되도 연락이 안와서 11시 40분경에 세번 정도 전화했더니 전화를 안받아서 사기당한 것을 느끼고 바로 경찰서로 가서 신고를 했습니다.  사실 좀 이상한 느낌이 들어서 금융감독원 1332로 전화했었는데 그 직원분이 주민번호 앞자리 물어보고 전화해준다던데 전화도 안오더군요. 경찰서에서 그러는데 제 휴대폰에 불법 어플이 깔려서 금감원에 전화해도 그놈들이 전화를 받는다는 것을 나중에야 알았습니다.",scenario,hwp,20210430,불법금융대응단,[]
text_055_20191018,"‘18년 보이스피싱 지역별 피해 현황   □2018년 지역별 보이스피싱 현황을 분석한 결과 지역별로 편차가 크며, 동일 광역 행정구역내에서도 기초 행정구역별 격차가 클 뿐 아니라 피해건수 상위지역은 지속적으로 피해가 많이 발생하는 것으로 나타남   ㅇ(피해액)경기(1,133억원), 서울(960억원), 부산(310억원)이 전국 피해액(4,440억원)의 54.1%를 차지하는 등 수도권 및 대도시에서 주로 발생   ㅇ(피해건수)피해건수도 경기(18,116건), 서울(12,893건), 부산(5,075건) 순서로 발생하는 등 피해액과 유사(전국 평균은 4,389건)    -다만, 인구 1만명당 피해건수는 제주(17.0건)가 가장 많고, 울산(16.3건), 인천(15.2건), 경남(14.9건), 부산(14.7건) 등 순서로 많음  □ 이에 따라, 지자체 및 경찰청 등은 수도권·주요 광역시 등을 중심으로 지역 맞춤형 홍보·단속을 강화할 필요   < 시도별 피해액 > < 시도별 인구 1만명당 피해건수 >    * 자료 : 금융감독원",scenario,hwp,20191018,불법금융대응단,[]
text_056_20191011,"가상화폐 거래를 통한 보이스피싱 피해사례     □ 가상화폐 거래소 회원인 A는 “가상화폐를 대리구매할 사람을 모집한다”는 문자메세지를 받고 성명불상(사기범)의 B에게 연락   &#9702; A는 B로부터 구매금액의 5%를 받기로 하고 자신의 은행계좌에 입금된 7,300만원* 중 대가를 제외한 6,935만원을 가상화폐거래소를 통해 가상화폐로 구매하여 사기범의 지시대로 외부 전자지갑 주소로 출금      * 동 자금은 저금리 대출을 해주겠다는 보이스피싱 사기범 일당에게 속은 피해자들이 A의 은행 계좌로 송금한 피해금임   &#9702; A가 여러 차례 거액이 입금된 것을 보고 불법 연루 가능성을 의심하자 사기범 B는 “그 동안 거래를 못 하고 있던 투자자들이 한꺼번에 몰렸다”며 A를 안심시킨 것으로 보임  □ 그날 오후 A는 거래은행으로부터 “계좌가 보이스피싱 사기에 이용되어 지급정지되었다”는 문자를 받고 사기에 연루되었음을 인지하였으나 사기범은 연락이 두절   &#9702; A는 사기방조 혐의로 형사재판 중이며, 이와 별개로 피해자가 제기한 손해배상소송 결과에 따라 피해금액을 배상할 가능성  가상화폐를 통한 피해금 인출흐름",scenario,hwp,20191011,불법금융대응단,[]
text_057_20190821,"금융생활에 필요한 모든 정보, 인터넷에서 「파인」 두 글자를 쳐보세요  “금융은 튼튼하게, 소비자는 행복하게”   보 도 자 료  보도 2019. 4. 17.(수) 조간 배포 2019. 4. 16.(화)  담당부서 제주지원 황대성 부국장(064-746-4204), 최승대 선임조사역(064-746-4202)    제 목 : 휴대폰 앱을 이용한 신종 보이스피싱 사례 발생    1  피해 사례   □ 최근 제주지역에서 금융감독원 직원(“김석제”)을 사칭하여, 휴대폰 원격조종이 가능한 특정 프로그램(앱)을 설치하도록 유도 후 대출금 및 기보유 예금 등 총 199백만원을 편취한 사례 발생   ① 사기범은 “416불 해외 결제”라는 허위 문자메시지를 발송, 피해자가 발신번호로 전화하자 마치 카드회사인 것처럼 전화를 받고      - 카드부정사용 신고를 접수하였으니 경찰로 이첩할 것임을 안내한 후, ◎◎경찰서로 속이고 전화하여 금감원에서 연락이 갈 것이라고 재안내   ② 금감원 직원 “김석제”라고 사칭하며 피해자 명의로 발급된 불상의 계좌가 자금세탁에 이용되고 있어 조치가 필요하다고 기망하여 휴대폰에 팀뷰어 프로그램(앱명 : Quick Support)을 설치하도록 유도   ③ 앱 설치 이후 사기범은 피해자의 휴대폰을 원격조종하여 카드사 현금서비스 2건, 카드론 2건 등 4건의 대출을 실행받아 편취하고*     * 정상적으로 계좌이체 되는지 시험해보는 것이라고 속인 후 수취계좌번호 등을 사기범이 입력하고 피해자가 비밀번호만 입력하여 'LE VAN LOC', 'NGUYEN THI' 등 명의의 국내은행 계좌로 49백만원 이체     -  	그 다음날 같은 수법으로 예금 ‘150백만원’을 ‘ㅇㅇㅇ’ 계좌로 이체받아 편취하는 등 199백만원을 편취  2  소비자 유의사항   □ 의심스러운 휴대폰 앱은 설치하지 않도록 각별히 주의    &#9702; 출처불명의 문자메시지나 유선으로 휴대폰 앱 설치를 요청할 경우 보이스피싱이 의심되므로 절대 설치하지 않도록 유의    &#9702; 금감원 직원은 개인에게 휴대폰 앱 설치를 권유하지 않으므로  직원을 사칭하며 권유하는 경우에는 100% 보이스피싱임을 명심  □ 전화로 정부기관이라며 금융거래 조치를 요구하면 일단 보이스피싱 의심    &#9702; 수사기관·금감원 직원 등이라는 전화를 받은 경우 당황하지 말고 소속, 직위 및 이름을 확인한 후 전화를 끊고     - 주변 지인에게 통화내용을 설명하여 도움을 받거나 해당 기관의 공식 대표번호*로 전화하여 반드시 사실여부를 확인할 것을 당부드림        * 대검찰청(☎02-3480-2000), 경찰청(☎112), 금감원(☎1332)  □ 보이스피싱 의심 문자나 전화를 받은 경우 지체없이 경찰서(☎112)나 금융감독원(☎1332)에 신고    &#9702; 특히, 보이스피싱 피해를 입은 경우에는 신속하게 경찰서나 해당 금융회사에 신고하여 지급정지를 신청해야 피해구제를 받을 수 있음    3  향후 대응방안   □ 신종 보이스피싱 사례에 따른 추가 피해예방 및 유사수법에 현혹되지 않도록 금융회사 및 홈페이지를 통해 동 사례를 적극 전파   &#9702; 아울러 제주도청 및 경찰청 등 유관기관과 합동하여 지자체 홍보채널(홈페이지·반상회보 등)을 활용하여 피해사례를 전파하는 등 생활밀착형 예방활동을 다각도로 전개할 예정임     ☞ 본 자료를 인용하여 보도할 경우에는 출처를 표기하여 주시기 바랍니다.(http://www.fss.or.kr)   붙 임  보이스피싱 피해예방 10계명   보이스피싱! 이것만 알아도 당황하지 않습니다!    ① 전화로 정부기관이라며 자금이체를 요구하면 일단 보이스피싱 의심      검찰&#8228;경찰&#8228;금감원 등 정부기관은 어떠한 경우에도 전화로 자금의 이체 또는 개인의 금융거래정보를 요구하지 않습니다. 정부기관을 사칭, 범죄에 연루되었다며 금융거래 정보를 요구하거나 안전조치 등을 명목으로 자금의 이체 등을 요구하는 경우는 100% 보이스피싱이므로 이러한 전화를 받는 경우 전화를 끊고 해당 기관의 대표전화*로 전화하여 사실여부를 반드시 확인하시기 바랍니다.       * 대검찰청(☎02-3480-2000), 경찰(☎112), 금감원(☎1332)    ② 전화&#8228;문자로 대출 권유받는 경우 무대응 또는 금융회사 여부 확인     전화 또는 문자를 통한 대출광고는 대출빙자형 보이스피싱일 가능성이 높으므로 이러한 연락을 받은 경우 반드시 금융회사의 실제 존재여부를 우선 확인한 후, 대출을 권유하는 자가 금융회사 직원인지 또는 정식 등록된 대출모집인인지 여부를 확인하시기 바랍니다.     * 제도권 금융회사 조회(http://www.fss.or.kr)      대출모집인 등록 조회(http://www.loanconsultant.or.kr)    ③ 대출 처리비용 등을 이유로 선입금 요구시 보이스피싱을 의심      정상적인 금융회사는 전산비용, 보증료, 저금리 전환 예치금, 선이자 등 어떠한 명목으로도 대출과 관련하여 선입금하라고 요구하지 않으므로, 이러한 요구에 절대로 응해서는 안됩니다.    ④ 저금리 대출 위한 고금리 대출 권유는 100% 보이스피싱       정상적인 금융회사는 저금리 대출을 받기 위해서 고금리 대출을 먼저 받으라고 요구하지 않습니다. 저금리 대출을 받기 위해서는 거래실적을 쌓아야 한다며 고금리대출을 먼저 받으라고 하는 경우는 100% 보이스피싱입니다. 또한 대출금 상환시에는 해당 금융회사의 계좌가 맞는지 여부를 반드시 확인하시기 바랍니다.     ⑤ 납치&#8228;협박 전화를 받는 경우 자녀 안전부터 확인      자녀가 다쳤다거나 납치되었다는 전화를 받았을 때에는 침착하게 대처해야 합니다. 사기범의 요구대로 급하게 금전을 입금하기 보다는 먼저 준비해 둔 지인들의 연락처를 이용하여 자녀가 안전한지 여부부터 확인하시기 바랍니다.    ⑥ 채용을 이유로 계좌 비밀번호 등 요구시 보이스피싱 의심      정상적인 기업의 정식 채용절차에서는 급여계좌 개설 또는 보안관련 출입증 등에 필요하다면서 체크카드 및 금융거래정보(비밀번호, 공인인증서, OTP 등)를 절대 요구하지 않습니다. 급여계좌 등록은 실제로 취업된 후에 이루어지는 것으로, 본인 명의 계좌번호만 알려주면 됩니다.    ⑦ 가족 등 사칭 금전 요구시 먼저 본인 확인      가족 및 지인 등이 메신저로 금전을 요구하는 경우 반드시 유선으로 한번 더 본인임을 확인하시기 바랍니다. 만약 상대방이 통화할 수 없는 상황 등을 들어 본인 확인을 회피하고자 하는 경우 직접 신분을 확인할 때까지는 금전요구에 응하지 말아야 합니다.     ⑧ 출처 불명 파일&#8228;이메일&#8228;문자는 클릭하지 말고 삭제      출처가 불분명한 파일을 다운받거나 의심스러운 인터넷 주소가 포함된 문자를 클릭하면 악성 코드에 감염되어 개인정보가 유출될 수 있습니다. 악성코드 감염은 금융거래시 파밍 등을 일으키는 주요 원인이므로 이러한 파일이나 문자는 즉시 삭제하시기 바랍니다.      * 악성코드 치료 방법 : 한국인터넷진흥원(KISA)의 “인터넷 보호나라”사이트>“자료실”메뉴>공지사항 109번 게시글 참고    ⑨ 금감원 팝업창 뜨고 금융거래정보 입력 요구시 100% 보이스피싱      인터넷 포털사이트에 접속시, 보안관련 인증절차를 진행한다는 내용의 금감원 팝업창이 뜨며, 이를 클릭하면 보안승급을 위해서라며 계좌번호, 비밀번호, 보안카드번호 등 금융거래정보를 입력하라고 요구하면 보이스피싱(파밍)이니 절대 응해서는 안됩니다.        ⑩ 보이스피싱 피해발생시 즉시 신고 후 피해금 환급 신청      사기범에게 속아 자금을 이체한 경우, 사기범이 예금을 인출하지 못하도록 신속히 경찰 또는 해당 금융회사에 전화하여 계좌에 대한 지급정지 조치를 하시기 바랍니다.      지급정지 조치 후 경찰서에 방문하여 피해 신고를 하고, 금융회사에 피해금 환급을 신청하시기 바랍니다. 해당 계좌에 피해금이 인출되지 않고 남아 있는 경우 피해금 환급제도에 따라 별도의 소송절차 없이 피해금을 되찾을 수 있습니다.",scenario,hwp,20190821,불법금융대응단,[]
text_058_20190821,"붙임   최근 보이스피싱 사기 피해사례     피해사례 1  허위 신용카드 결제 문자 + 원격조종 앱   □2019년 3월 피해자 A(48세, 중소기업 운영)는 본인이 사용한 적이 없는데도 신용카드 해외결제 문자메시지를 받고 확인하기 위해 문자메시지에 기재된 전화번호로 전화  &#9702; 전화 상담원은 A에게 “명의가 도용된 것 같으니 대신 경찰에 신고해 주겠다”며 A를 안심시킨 후 경찰에서 연락이 갈 것이라고 안내  □잠시후 금융감독원 직원이라고 소개한 사람(사기범)이 “경찰에서 전화가 왔는데, 당신 명의로 발급된 계좌가 범죄자금세탁에 이용되었으므로 모든 계좌를 직접 확인해야 한다”고 하면서 A에게 휴대폰에 원격조종 애플리케이션을 설치할 것을 요구  &#9702;사기범은 A의 휴대폰을 원격조종하면서 신용카드사의 현금서비스, 카드론 대출을 실행하고 “정상적으로 이체되는지 시험해보겠다”며 A에게 직접 비밀번호를 입력하게 하여 다른 계좌로 49백만원을 이체   &#8680;【유의사항】    ①결제 문자메시지가 의심될 경우 메시지에 안내된 전화번호로 문의하지 말고 소지한 신용카드 뒷면에 안내된 전화번호 또는 인터넷 검색으로 확인된 카드사의 전화번호로 문의    ②출처&#8231;용도를 알 수 없는 앱을 휴대폰에 설치하라는 요구는단호하게 거절!    ③계좌 비밀번호, 보안카드, OTP번호를 알려주거나 입력하는 것은 절대 금지!    피해사례 2  금융회사 사칭 대출사기    □2019년 2월 피해자 B(56세, 자영업)는 1577-XXXX 전화번호로 “OO캐피탈 대출 팀장입니다. 1천만원 전환대출이 가능한 대상으로 선정되었는데 신용점수가 부족하니 대출을 발생시켜 갚는 방법으로 신용등급을 올리면 됩니다”라는 사기범의 전화를 받음  &#9702; B는 사기범의 요구대로 대출전용 앱*을 설치한 뒤 신용점수를  올리기 위해 △△카드사로부터 카드론대출 500만원을 받아 다시 갚기 위해 △△카드사 대표전화 1588-XXXX로 전화함      * 피해자가 휴대폰에서 거는 전화를 가로채는 악성 앱으로서, 피해자가 △△카드 대표전화 또는 경찰서, 금감원으로 전화하더라도 모두 사기범 일당에게 연결됨  &#9702; 카드사 상담원을 가장한 사기범 일당으로부터 “고객님의 카드론 상환을 위해 C의 □□은행 계좌 xxxx로 입금해 주세요”라는  안내를 받고 C의 계좌로 500만원을 송금  □이후 B는 대출이 되었다는 연락이 없어 이상하게 여기던 중 △△카드사의 대금청구서를 받고 카드론대출이 상환되지 않은 것에 대해 문의하는 과정에서 보이스피싱을 당한 사실을 알게 됨   &#8680;【유의사항】    ①신용등급은 단기간에 예금 또는 대출거래 실적을 통해 올라갈 수 없으므로 신용점수를 올리기 위해 돈을 송금하라는 요구는 100% 보이스피싱!    ②대출금 상환은 채무자 본인 명의의 계좌로만 가능하므로, 다른 사람 명의 계좌로 상환을 요구하는 것은 100% 보이스피싱!",scenario,hwp,20190821,불법금융대응단,[]
text_059_20190821,"붙 임   메신저피싱 주요 사례    [사례 1] 프로필 변경에 대해 휴대폰 고장을 핑계로 대고 통화 회피     [사례 2] 부모, 이모, 삼촌 등 호칭을 특정하기 쉬운 사람에게 접근     [사례 3] 인증서 오류 등에 따른 송금불가를 핑계로 하여 주로 소액을 타인계좌로 송금해 줄 것을 요구",scenario,hwp,20190821,불법금융대응단,[]
text_063_20150615,"‘메르스 환자 지원금 빙자 금융사기 주의’공지사항 발령 계획  발령 일시 2015. 6. 14(일), 11:00 사이버캅 Push ■ 예           □ 아니오 사이버캅 Push 내용 메르스 환자 지원금 빙자 전화금융사기 주의!! 경찰청 수사국에서 알려드립니다. 최근 메르스에 대한 국민적 불안과 관심이 높아진 것을 이용하여, 메르스 환자에 대한 지원금을 빙자한 전화금융사기가 발생하고 있습니다. 메르스 환자 등에 대한 지원금을 입금하겠다는 핑계로 개인정보&#8231;금융거래정보를 입력하도록 하고, 이를 이용하여 임의로 인터넷 뱅킹에 접속해 금원을 편취해 가는 내용입니다. 국민 여러분의 각별한 주의가 필요합니다.  ※ 보건복지부에서는 ①치료비는 비급여항목&#8228;건강보험본인부담금 전액 국고 지원하여 처음부터 내지 않고, ②긴급 생계비는 확진자 및 격리대상자에 대해 보건복지콜센터(129)에서 신청을 받아 지원하며 개별 안내는 하지 않음 주요 수법은 의료기관 또는 공공기관을 사칭한 △계좌번호 및 개인정보를 요구하는 전화 △ 홈페이지 주소를 불러주면서 접속하게 하는 전화 △ 출처를 알 수 없는 URL를 포함한 문자메시지 등입니다. 이러한 전화는 100% 사기전화입니다. 공공기관, 의료기관에서는 어떠한 경우에도 전화로 개인정보나 금융거래정보를 요구하지 않고, 홈페이지에 접속하도록 하여 개인정보나 금융거래정보를 입력하라는 요구도 하지 않습니다. 반드시 복지부 메르스 콜센터(109) 또는 수사기관(112)으로 신고해 주시기 바랍니다.  - 경찰청 수사국 -",scenario,hwp,20150615,서민금융지원국,[]
text_071_20130719,"□ 인터넷 뱅킹 팝업창을 통한 피싱사이트 유도 사례  <사기수법>  □ 피해자의 PC를 악성코드에 감염시켜 인터넷 실행 중 네이버, 다음(Daum) 등 사이트에 접속 시 피싱사이트로 유도하는 팝업창을 게시하고, 피해자가 팝업창의 내용에 대한 의심 없이 팝업창 클릭 시 피싱사이트로 유도하게 한 뒤 개인(금융거래)정보를 편취하는 수법  <피해사례>  (사례 1)  □ 서울 송파구에 거주하는 송모씨(남, 40대초반)는 ’13.6.22일 14시경 회사 컴퓨터를 통해 인터넷을 실행 후 네이버(http://naver.com)에 접속하자 금융감독원을 사칭한 보안인증 팝업창이 뜨는 것을 확인하였고,   &#9702; 해당 팝업창을 클릭하자 개인금융거래정보를 입력하라는 내용을 보고 사기임을 의심하지 않고 관련 정보 일체를 입력하였는데,   &#9702; 같은 날 18시부터 19시까지 약 한시간 동안 총 32회에 걸쳐 6,400만원 상당의 금전 피해를 입음  (사례 2)  □ 충남 논산시에 거주하는 전모씨(남, 40대초반)는 ’13.7.4일 16시경  자택 컴퓨터를 통해 인터넷을 실행 후 네이버(http://naver.com)에 접속하자 금융감독원을 사칭한 보안인증 팝업창이 뜨는 것을 확인하였고,   &#9702; 해당 팝업창을 클릭하자 개인금융거래정보를 입력하라는 내용을 보고 사기임을 의심하지 않고 관련 정보 일체를 입력하였으며, 익일 오전 10시경에도 동일한 팝업창을 통해 접속하여 본인 소유의 타 계좌의 정보 일체도 입력하였는데,   &#9702; 7.4일 22시~7.7일 01시까지 약 이틀 동안 총 15회에 걸쳐 3,000만원 상당의 금전 피해를 입음",scenario,hwp,20130719,서민금융지원국,[]
text_072_20130415,"□ 쇼핑몰 결제창을 이용한 파밍 수법의 보이스피싱  <사기수법>  □ 쇼핑몰에서 물건을 구매하고 대금결제(실시간 계좌이체)를 위해 “뱅킹”버튼을 선택할 경우, 이미 악성코드에 감염된 이용자의 PC를 피싱사이트로 접속하게 한 뒤 개인(금융거래)정보를 편취하는 수법  <피해사례>  □ 제주시 거주 강모씨(20대, 여)는 ‘13.3.27일 오후 4시경 인터넷쇼핑몰인 “△△감성”사이트에서 옷을 구매하면서 결제수단 중 실시간 계좌이체를 선택하고   &#9702; 인터넷뱅킹으로 계좌이체를 하기위해 결제창內 “뱅킹”버튼을 선택하였는데 악성코드에 감염된 PC로 인하여 N은행 피싱사이트로 유도되어   &#9702; 보안카드 코드번호 전체와 계좌비밀번호, 인터넷뱅킹아이디 등의 금융거래정보를 입력하였음   &#9702; 이후 피해자의 금융거래정보를 알아낸 사기범이 공인인증서를 재발급 받아 3.28일 새벽 1시경 피해자 명의의 인터넷뱅킹을 통해 258만원을 사기범계좌로 이체하여 편취",scenario,hwp,20130415,서민금융지원국,[]
text_073_20130415,"□ 해킹사고를 빙자한 보이스피싱  <사기수법>  □ ’13. 3. 20.에 발생한 해킹사고를 빙자하여 경찰청 사이버수사대를 사칭하여 보안강화를 명목으로 개인정보 및 금융거래정보를 편취하는 수법  <피해사례>  □ 대전시 거주 박모씨(60대)는 ‘13.3.21일 오후 5시경 경찰청 사이버수사대를 사칭한 사기범으로부터 최근 주요은행 및 방송사의 해킹사고로 보안강화가 필요하다며 인터넷뱅킹 거래는 위험하니 텔레뱅킹 거래를 하여야 한다는 전화를 받고   &#9702; 피해자는 N은행에 텔레뱅킹 거래를 신청하고 사기범에게 텔레뱅킹 이용을 위한 계좌번호, 비밀번호, 보안카드코드번호 등을 알려 주었으며   &#9702; 사기범은 피해자 명의 텔레빙킹 거래를 통해 피해자 통장에서 190만원을 사기범계좌로 이체하여 편취",scenario,hwp,20130415,서민금융지원국,[]
text_074_20121224,"□ 파밍(Pharming)을 이용한 보이스피싱  <사기수법>  □ 이용자의 PC를 악성코드에 감염시켜 hosts 파일을 변조하는 등의 방법으로 피싱사이트를 진짜 사이트로 오인하여 접속하게 한 뒤 개인(금융거래)정보를 편취하는 수법  <피해사례>  (사례 1)   □ 경기도 성남거주 김모씨(여, 40대후반)는 ’12.11.12일 본인이 사용하는 컴퓨터의 인터넷 즐겨찾기에 등록되어 있는 N은행의 사이트에 접속하였으나 동 은행을 가장한 피싱사이트로 접속이 되었고,   &#9702; 인터넷뱅킹에 필요한 정보를 입력하는 팝업창이 나타나 해당 정보(계좌번호, 계좌비밀번호, 보안카드번호 등)를 입력하였는데,   &#9702; 사기범은 ’12.11.12일부터 16일까지 5일간 동 정보를 이용하여 피해자 명의의 인터넷뱅킹을 통해 피해자의 N은행 계좌에서 총 5회에 걸쳐 1,039만원을 사기범계좌로 이체하여 편취  (사례 1)   □ 인천시 거주 유모씨(여, 30대후반)는 ’12.11. 1일 자녀학원비 이체를 위해 본인이 사용하는 컴퓨터의 인터넷 검색포털사이트에서 “K*”라는 단어로 검색 후 K은행의 사이트에 접속하였으나 동 은행을 가장한 피싱사이트로 접속이 되었고,    &#9702; 인터넷뱅킹에 필요한 정보를 입력하는 팝업창이 나타나 해당 정보(계좌번호, 계좌비밀번호, 보안카드번호 등)를 입력하였는데,   &#9702; 사기범은 ’12.11.5일 동 정보를 이용하여 피해자 명의의 인터넷뱅킹을 통해 피해자의 K은행 계좌에서 총 5회에 걸쳐 1,763만원을 사기범계좌로 이체하여 편취",scenario,hwp,20121224,서민금융지원국,[]
text_075_20121120,"□ 자녀납치 및 사고 빙자 편취  <사기수법>  □ 자녀와 부모의 전화번호 등을 사전에 알고 있는 사기범이 자녀의 전화번호로 발신자번호를 변조,   &#9702; 부모에게 마치 자녀가 사고 또는 납치 상태인 것처럼 가장하여 부모로부터 자금을 편취하는 수법으로, 학교에 간 자녀 납치 빙자, 군대에 간 아들 사고 빙자, 유학중인 자녀 납치 또는 사고 빙자 등의 유형이 있음  <피해사례>  (사례 1)   □ Y씨(40대, 여)는 오후 1시경 자녀의 이름과 학교를 대면서 “지금 당신 아이를 납치하였다. 허튼 수작하면 죽여버린다. 1,000만원을 불러주는 계좌로 송금해라”는 전화를 받고 보유하고 있던 300만원을 사기범 계좌로 이체하여 피해를 봄  (사례 2)  □ K씨(50대, 여)는 오전에 사기범으로부터 “학교 행정실인데 아이가 머리를 다쳐서 치료를 해야 하니 1,000만원을 입금하라”는 전화를 받고 800만원을 입금하여 피해를 봄. 사기범은 자녀 이름, 휴대전화 번호, 학교이름을 정확히 알고 있었음",scenario,hwp,20121120,서민금융지원국,[]
text_076_20121120,"□ 피해자를 기망하여 피해자에게 자금을 이체토록하여 편취    (피해자는 이체사실을 알고 있음)  <사기수법>  □ 검찰, 경찰, 금융감독원 등 공공기관 및 금융기관을 사칭하는 자가 누군가 피해자를 사칭하여 예금인출을 시도한다고 기망한 후 거래내역 추적을 위해 필요하다면서 사기범이 불러주는 계좌로 이체토록한 후 편취  □ 사기범들이 학생의 대학지원 명세를 빼내 실제 대학교의 전화번호로 변조하여 학부모 및 학생에게 전화해서 사기범계좌로 등록금 납부를 요구하여 편취  <피해사례>  (사례 1)  □ H씨(30대, 남)는 ○○은행 직원이라는 자로부터 “누군가 당신의 신분증을 가지고 돈을 찾아가려고 한다. 경찰에 신고해주겠다”는 전화를 받았는데,    &#9702; 잠시후 경찰을 사칭하는 자가 다시 전화를 걸어 “내가 시키는 대로 해라. 당신 통장 계좌에 있는 거래내역을 추적해야 하니 내가 불러주는 계좌로 돈을 이체시켜라”는 말에 속아 5개 계좌에 3,000만원을 이체하여 피해를 봄  (사례 2)  □ 대학 지원자인 G씨(20대, 여)는 오후 1시경 대학교 교직원을 사칭하는 자로부터 “지원한 대학에 추가합격하였으니 금일 오후 4시까지 등록금 530만원을 입금하여야만 등록처리된다”는 전화를 받고 부모에게 연락하여 사기범이 불러주는 계좌로 동액을 입금하여 피해를 봄",scenario,hwp,20121120,서민금융지원국,[]
text_077_20121120,"□ 피해자를 기망하여 자동화기기로 유인 편취    (피해자는 이체사실을 모름)  <사기수법>  □ 수사기관 직원을 사칭하는 자가 피해자에게 전화를 하여 피해자의 계좌가 사건(범죄)에 연루되어 피해자명의 계좌의 안전조치가 필요하다고 기망하여 현금지급기로 유인, 기기를 조작하게 하여 자금을 편취  □ 국세청, 건강보험공단, 국민연금관리공단 직원 등을 사칭하는 자가 피해자에게 전화하여 세금, 보험료, 연금 등이 과다 또는 오류 징수되어 환급하여 주겠다며 자동화기기로 유인, 기기를 조작하게 하여 자금을 편취   <피해사례>  (사례 1)  □ A씨(60대, 남)는 검찰수사관을 사칭하는 자로부터 “사기범을 검거했는데 A씨 명의의 계좌를 사용하고 있어 금감원 직원이 계좌안전조치를 해줄 것이니 현금지급기로 가서 기다리라”는 전화를 받고 현금지급기로 가서 기다리던 중 금감원 직원을 사칭하는 자가 전화로 현금지급기를 조작토록 유도하여 1,300만원의 피해를 봄  (사례 2)  □ H씨(40대, 여)는 우체국직원을 사칭하는 자로부터 ARS로 “안녕하십니까, 우체국직원 000입니다. 고객님에게 발송된 택배가 반송되었습니다. 상담을 원하시면 9번을 누르세요”라는 전화를 받고 상담을 받았는데,   &#9702; 우체국직원을 사칭하는 자가 “개인정보가 노출되었으니 신고해 주겠다”고 한 후 전화를 끊고, 잠시후 경찰을 사칭하는 자가 전화를 걸어 “피해접수를 해주겠다. 금융거래 안전을 위해 계좌안전조치가 필요하니 현금지급기로 가라”고 하면서 기기를 조작케 유도하여 730만원의 피해를 봄  (사례 3)  □ D씨(40대, 남)는 건강보험공단 직원을 사칭하는 자로부터 “의료보험료가 많이 걷혔으니 과납된 보험료 50만원을 주겠다. 불러주는 환급등록번호를 가지고 CD기 앞으로 가라”는 전화를 받고 CD기로 가서 기다리던 중, 건강보험공단 직원을 사칭하는 자가 전화로 자동화기기를 조작토록 유도하여 600만원의 피해를 봄",scenario,hwp,20121120,서민금융지원국,[]
text_078_20121120,"텔레뱅킹 및 피싱사이트에 의한 보이스피싱 피해사례    <텔레뱅킹에 의한 피해사례>  [사례 1]  □ 경기도 수원거주 박모씨(남, 50대초반, 설비업 종사)는 ’12.8.28일 오전 10시경 금융감독원 직원을 사칭하는 사기범으로부터 “피해자의 계좌에서 180만원이 무단 인출되어, 경찰청과 금융감독원을 통해 조사가 필요하니 주민등록번호와 텔레뱅킹에 필요한 정보(계좌번호, 계좌비밀번호, 보안카드번호 등)를 알려달라”는 전화를 받고,   &#9702; 텔레뱅킹에 필요한 정보를 사기범에게 알려주었는데, 사기범은 동 정보를 이용하여 피해자 명의의 텔레뱅킹을 통해 피해자의 W은행 계좌에서 총 11회에 걸쳐 2,765만원을 사기범계좌로 이체하여 편취  [사례 2]  □ 전남 목포거주 이모씨(여, 40대중반, 보험설계사)는 ’12.9.3일 오후 6시경 B은행 직원을 사칭하는 사기범으로부터 전화가 와서 “자동이체일을 변경하려면 어떻게 하느냐”라고 묻자,   &#9702; 사기범이 “자동이체일자를 21일에서 25일로 변경하려면 관련법이 바뀌어 주민등록번호와 텔레뱅킹에 필요한 정보(계좌번호, 계좌비밀번호, 보안카드번호 등)를 알려주어야 한다”라고 해서,   &#9702; 텔레뱅킹에 필요한 정보를 사기범에게 알려 주었는데, 사기범은 동 정보를 이용하여 피해자 명의의 텔레뱅킹을 통해 피해자의 N은행 계좌에서 총 4회에 걸쳐 715만원을 사기범계좌로 이체하여 편취      <피싱사이트에 의한 피해사례>  [사례 1]  □ 경기 거주 김모씨(여, 40대, 회사원)는 ’12.9.6(목) 오전 09시경 K은행 대표번호로 온 문자메시지 “OO 은행입니다. 고객님 개인정보가 유출되었으니 보안승급 바랍니다. http://www.kbmtcard.com”를 수신하고, 해당사이트에 접속하여 계좌번호, 이체비밀번호, 보안카드 35개 일체 등 인터넷뱅킹과 공인인증서 재발급에 필요한 정보를 입력하였는데,   &#9702; 사기범이 동 정보를 이용하여 ‘12.9.9(일) 03시 30분경 공인인증서를 재발급 받아, 인터넷 뱅킹으로 인출 가능한 한도 전액인 27백만원을 8회에 걸쳐 사기범 계좌로 이체하여 편취하였고,    &#9702; 김모씨는 당일 06시경 핸드폰을 확인하면서 공인인증서 재발급 및 출금내역 문자가 수신되어 있어 보이스피싱을 인지하고 해당은행 콜센터에 신고하였으나 이미 전액 출금되었음  [사례 2]  □ 부산 거주 이모씨(여, 30대, 회사원)는 ‘12.9.7(금) 08시경 K은행 대표번호로 온 문자메시지 “개인정보유출로 보안승급필요 http://www.kbvtbank.com”를 수신하고, 해당 사이트에 접속하여 계좌번호, 이체비밀번호, 보안카드 번호 35개 일체 등 인터넷뱅킹과 공인인증서 재발급에 필요한 정보를 입력하였는데,    &#9702;사기범이 ’12.9.8(토) 04시 30분경 피해자명의의 공인인증서를 재발급 받아 인터넷뱅킹으로 인출가능한도 전액인 8백만원을 2회에 걸쳐 사기범 계좌로 이체하였음   &#9702; 이모씨는 04시 30분경 공인인증서가 재발급되었다는 SMS문자와 출금내역 SMS문자가 수신되는 소리에 잠이 깨어 문자내용을 확인, 보이스피싱을 인지하고 경찰청 112센터를 통해 지급정지 조치하였음",scenario,hwp,20121120,서민금융지원국,[]
text_079_20121120,"□ 물품대금 오류송금 빙자로 피해자를 기망하여 편취  <사기수법>  □ 사기범이 문자메시지 또는 전화로 물품대금, 숙박비 등을 송금하였다고 연락한 후, 잠시후 실수로 잘못 송금하였다면서 반환 또는 차액을 요구하여 편취  <피해사례>  □ 사기범 P씨는 피해자 L씨로부터 고구마 10박스를 45만원에 구입하기로 하고, 마치 450만원으로 입금한 것처럼 피해자에게 문자메시지(발송자 명의를 농협으로 조작)를 전송하였음   &#9702; 이후 피해자 L씨(50대, 남)는 OO농협 365코너에서 P씨와 핸드폰으로 통화하는 과정에서 P씨로부터 “고구마 대금 10박스 45만원을 입금하면서 텔레뱅킹을 하다보니 실수로 0을 더 눌러 450만원을 입금하였다”는 말을 듣고 그 차액인 405만원을 사기범에게 이체하여 피해를 봄",scenario,hwp,20121120,서민금융지원국,[]
text_080_20121120,"□ 금융회사, 금감원 명의의 허위 긴급공지 문자메시지로  기망, 피싱사이트로 유도하여 예금 등 편취  <사기수법>  □ 금융회사 또는 금융감독원에서 보내는 공지사항(보안승급, 정보유출 피해확인 등)인 것처럼 문자메시지를 발송하여 피싱사이트로 유도한 후 금융거래정보를 입력하게 하고 동 정보로 피해자 명의의 대출 등을 받아 편취    <금융감독원 사칭 문자메시지>    <금융회사 사칭 문자메시지>     <피해사례>  □ D씨(40대, 여)는 국민은행 명의의 보안승급 안내 문자메시지를 받고 아무런 의심 없이 문자메시지에 안내된 사이트에 접속하여 카드번호, 계좌번호 및 공인인증서 정보를 입력하였는데,    &#9702; 이후 예금인출 500만원 및 대출 1,000만원 등이 실행된 것을 확인하고 은행에 문의한 결과 보안승급 자체가 없다는 말을 듣고 지급정지를 요청하였으나 이미 전액 출금된 상태였음",scenario,hwp,20121120,서민금융지원국,[]
text_081_20121120,"□ 상황극 연출에 의한 피해자 기망 편취  <사기수법>  □ 은행직원, 경찰·검찰 수사관을 사칭한 사기범들이 은행객장과 경찰서, 검찰청 등의 사무실에서 실지로 일어나는 상황 연출로 피해자를 기망하여 금전 편취  <피해사례>  □ J씨(50대, 남)는 은행의 객장을 연상케하는 소리(도장찍는 소리, 고객을 부르는 소리 등)가 들려오는 상황에서 은행직원을 사칭하는 자로부터 “누군가 당신의 신분증을 가지고 돈을 찾아가려고 한다. 경찰에 신고해 주겠다”는 전화를 받았는데,   &#9702; 이후 경찰서 사무실을 연상케하는 소리(타이핑 소리, 동료 형사를 부르는 소리 등)가 들려오는 상황에서 수사관을 사칭하는 자로부터 “내가 시키는 대로 해라, 당신 통장 계좌에 있는 거래내역을 추적해야 하니 내가 불러주는 계좌로 돈을 이체시켜라”는 전화를 받고 사기범이 불러주는 계좌로 1,250만원을 이체하여 피해를 봄",scenario,hwp,20121120,서민금융지원국,[]
text_082_20121120,"□ 인터넷 뱅킹을 이용해 카드론 대금 및 예금 등 편취    (피싱사이트를 통해 금융거래정보 획득)  <사기수법>  □ 명의도용, 정보유출, 범죄사건 연루 등 명목으로 피해자를 현혹하여 피싱사이트를 통해 신용카드정보(카드번호, 비밀번호, CVC번호) 및 인터넷뱅킹정보(인터넷뱅킹 ID, 비밀번호, 계좌번호, 공인인증서번호, 보안카드번호 등)를 알아낸 후,   &#9702; 사기범이 ARS 또는 인터넷으로 피해자명의로 카드론을 받고 사기범이 공인인증서 재발급을 통해 인터넷뱅킹으로 카드론 대금 등을 사기범계좌로 이체하여 편취  <피해사례>  □ L씨(20대, 여)는 오후 1시경 경찰청 수사관을 사칭하는 자로부터 “최근 사기범을 검거하였는데 당신 명의의 통장이 범죄에 이용되고 있다”는 전화를 받고 그러한 사실이 없다고 하자,   &#9702; 사기범이 “개인정보가 유출되어 명의가 도용된 것 같다. 신속히 경찰청 홈페이지에 접속하여 개인정보 침해신고를 해야 한다”고 강요하여    &#9702; 피해자는 사기범이 알려준 경찰청 홈페이지를 가장한 피싱사이트에 접속하여 거래은행명, 계좌번호 및 계좌비밀번호, 이체비밀번호, 보안카드번호, 신용카드(3장) 번호 및 비밀번호, CVC번호 등을 입력하였음   &#9702; 그러자 사기범은 피해자가 입력한 금융거래정보 등을 이용하여 공인인증서를 재발급 받고, 피해자 명의로 카드론 2,000만원을 받은 후 인터넷뱅킹을 이용해 카드론 대금 2,000만원과 피해자 명의의 마이너스통장에서 1,300만원 등 합계 3,300만원을 사기범계좌로 이체하여 편취",scenario,hwp,20121120,서민금융지원국,[]
text_083_20121120,"□ ARS를 이용한 카드론 대금 편취    (전화를 통해 금융거래정보 획득)  <사기수법>  □ 명의도용, 정보유출, 범죄사건 연루 등 명목으로 피해자를 현혹하여 신용카드정보(카드번호, 비밀번호, CVC번호)를 알아낸 후,   &#9702; 사기범이 ARS를 통해 피해자 명의로 카드론을 받음과 동시에 피해자에게 다시 전화를 걸어 허위로 범죄자금 입금사실을 알리고 피해자에게 사기범계좌로 이체토록 유도하여 편취  <피해사례>  □ P씨(60대, 남)는 경찰청 수사관을 사칭하는 자로부터 “당신의 예금계좌가 범죄에 연루되었으니 신용카드번호와 비밀번호 등을 알려달라”는 전화를 받고 신용카드정보를 알려주었는데,   &#9702; 이후 사기범이 동 정보를 이용하여 피해자 명의의 신용카드(4장)로 피해자 명의의 카드론 4,800만원을 받은 후 다시 피해자에게 전화를 해서,   &#9702; 당신의 통장에 범죄자금 4,800만원이 입금되었으니 국가안전계좌로 이체하라고 요구, 피해자는 사기범이 불러주는 계좌로 4,800만원을 이체하여 피해를 봄",scenario,hwp,20121120,서민금융지원국,[]
text_060_20180111_불법금융대응단,"금융생활에 필요한 모든 정보, 인터넷에서 「파인」 두 글자를 쳐보세요 “금융은 튼튼하게, 소비자는 행복하게” 보 도 자 료 보도 2017. 4. 6.(목) 조간 배포 2017. 4. 5.(수) 불법금융 김범수 팀장(3145-8521), 권순표 수석조사역(3145-8526) 대응단 담당부서 경찰청 박찬우 경정(3150-2168), 최진용 경감(3150-1777) 수사1과 제 목 : 젊은 여성을 표적으로 하는 보이스피싱 급증, 소비자경보 발령 - 20~30대 여성 피해가 수사기관․금감원 사칭 전체 피해건수의 74% 차지 [｢3유․3불 불법금융행위 추방 및 5대 금융악 척결 특별대책｣ 이행과제] ▣ 소비자경보 2017-2호 등급 주의 경고 위험 1 소비자경보 발령 배경 대상 20~30대 여성 * □ 보이스피싱이 정부기관 사칭형에서 대출빙자형으로 전환되는 추세 이나 * 대출빙자형 피해금액 : ’15년 1,045억원(전체의 42.7%) → ’16년 1,340억원(전체의 69.8%) ◦ 최근 20~30대 젊은 여성을 대상으로 한 수사기관․금감원 사칭 보이스 피싱 피해가 급증함에 따라 각별한 주의가 요망됨 ◦ 특히, 사기범이 피해자를 안심시키기 위해 금감원 건물 인근에서 현금을 편취하는 사례도 발생하는 등 점점 대담한 수법으로 진화 ‘16년 20~30대 여성의 수사기관․금감원 사칭 보이스피싱 * 피해금 추이(금감원) * 검찰, 경찰, 금감원 직원 등을 사칭하여 접근한 뒤, 해당 계좌가 명의도용 혹은 범죄에 이용 되었으니 국가에서 안전하게 돈을 보관해주겠다며 피해금을 편취하는 수법 - 1 -  2 20대~30대 여성의 피해현황 및 원인 분석 □ ‘16년 수사기관․금감원 사칭 보이스피싱 피해 중 20~30대 여성의 피해건수는 2,152건으로 전체 피해건수의 74%를 차지 ◦ 이들의 피해금액은 175억원으로 전체 피해금액(247억원)의 71%를 차지 하고, 동년배 남성(19억원)에 비해 10배 가까운 피해 발생 - 주로 결혼자금 등을 위하여 모아둔 목돈을 피해당하고 있으며, 현금 * 전달 사례도 상당수임을 감안할 때 실제 피해금액은 훨씬 클 것으로 추정 * 전기통신금융사기 특별법 에 의하면 사기범에게 돈을 송금한 경우에도 송금한 계좌에 피해금이 남아있는 경우 환급받을 수 있으나, 현금으로 전달한 경우에는 환급 대상이 안됨 ’16년 수사기관․금감원 사칭 보이스피싱 성별 · 연령별 피해 현황(금감원) (단위 : 건, 백만원) 남성 여성 전체 구 분 피해건수 피해액 피해건수 피해액 피해건수 피해액 10대 이하 2 27 - - 2 27 20~30대 233 1,910 2,152 17,541 2,385 19,451 40~50대 86 831 238 2,363 324 3,195 60대 이상 149 1,446 62 581 211 2,027 합 계 470 4,215 2,452 20,485 2,922 24,700 □ 보이스피싱 사기범이 20~30대 여성을 표적으로 삼는 이유는 ◦ (사회경험 부족) 20~30대는 사회 초년생으로 사기사건 등 범죄사례에 대한 직․간접적 경험이 적어 사기에 대한 의심이 적으며 - 특히, 여성이 남성에 비해 사회진출이 빨라 목돈을 모았을 가능성이 높음 ◦ (몰입효과) 사기범이 범죄사건 연루, 구속영장 청구 등을 언급하며 급박하고 고압적인 분위기를 연출할 경우 - 심리적 압박을 받아 주변에 조언을 구할 생각도 못한 채 사건에만 몰입하는 경향(소위 ‘몰입 효과’)이 있음 ◦ (사무직 여성에게 접근) 사법기관 등의 권위를 내세운 사기범은 법․규정 및 상사의 지시사항을 잘 준수하는 사무직 여성에게 접근하며 사건번호, 명의도용, 계좌안전조치 등 전문용어를 구사 - 2 -  - 스스로 전문직이라고 생각하는 사람일수록 권위와 지식정보를 갖춘 것처럼 포장한 사기범이 접근할 경우 쉽게 믿어버리는 경향이 있음 ◦ (제압이 용이) 사기범은 현금편취 현장이 발각되어도 물리적 제압이 가능하다고 생각하기 때문에 쉽게 접근 <붙임 1> 20～30대 여성을 대상으로 한 보이스피싱 피해사례 3 조치사항 □ 금융감독원은, 금융회사에 20~30대 여성의 고액 현금 인출 요구시 보이스피싱 피해위험 안내를 강화하도록 지도하는 한편, ◦ 20~30대 여성이 자주 사용하는 SNS 등 온라인 매체를 활용하여 수사기관․ 금감원 사칭 보이스피싱 수법과 사기범의 목소리를 집중 전파 □ 경찰청은, 수사기관 금감원을 사칭하는 보이스피싱에 대해 구속수사를 원칙으로 강력히 단속하는 한편, ◦ 금감원, 금융기관과 협조하여 은행 창구에서 범죄의심 거래시 신속히 출동하여 범행을 사전에 예방할 수 있도록 주력할 방침 <붙임 2> 은행 창구 비치 보이스피싱 예방 진단표 4 소비자 당부사항 □ 전화로 정부기관이라며 자금이체나 현금전달을 요구하면 100% 보이스 피싱임을 명심 □ 아울러 수사기관․금감원 직원 등이라는 전화를 받은 경우 당황하지 * 말고 정중하게 양해 를 구한 후 전화를 끊고 * 양해를 구했는데도 급하다며 전화를 끊지 못하게 하고 재촉하는 경우 보이스피싱 의심 ◦ 주변 지인에게 통화내용을 설명하여 도움을 받거나 해당 기관의 공식 * 대표번호 로 전화하여 반드시 사실여부를 확인할 것을 당부드림 * 대검찰청(☎02-3480-2000), 경찰(☎112), 금감원(☎1332) ☞ 본 자료를 인용하여 보도할 경우에는 출처를 표기하여 주시기 바랍니다.(http://www.fss.or.kr) - 3 -  붙임 1 20~30대 여성을 대상으로 한 보이스피싱 피해 및 검거사례 연번 사 건 개 요 비 고 ’17. 1. 16.~2. 1. 콜센터에서 20~30대 여성 6명을 상대로 검사를 사칭하여 명의 도용으로 예금 인출 위험이 있으니 금감원 직원에게 맡기라고 속인 다음, 서울‧수서 1 금감원 직원을 사칭, 피해자들로부터 1억 8,000만원 상당을 편취하고, 경찰서 7,200만원을 편취하려던 피의자 검거(구속) ’17. 2. 13, 2. 14. 이틀간 콜센터에서 20대 여성 3명을 상대로 검사를 사칭하여 계좌에서 돈이 빠져나갈 우려가 있다며 금감원 직원에게 돈을 경기남‧분당 2 맡기라고 속인 다음, 경찰서 금감원 직원을 사칭, 피해자들로부터 7,700만원을 편취하고, 2,000만원을 편취하려던 피의자 검거(구속) ’17. 2. 8, 2. 9. 이틀간 콜센터에서 20대 여성 2명을 상대로 서울지검 수사관을 사칭하여 당신 명의로 대포통장이 개설되었다며 의심을 받지 인천‧삼산 3 않으려면 돈을 인출하라고 속인 다음, 경찰서 금감원 직원을 사칭, 피해자들로부터 7,900만원을 편취한 피의자 2명 검거(모두 구속) ’16. 12. 29. ~ ’17. 2. 16. 콜센터에서 20~30대 여성 3명을 상대로 검사를 사칭하여 명의가 도용되어 예금인출 위험이 있으니 금감원 직원에게 돈을 서울‧용산 4 맡기라고 속인 다음, 경찰서 금감원 직원을 사칭, 피해자들로부터 5,270만원을 편취한 피의자 검거(구속) ’17. 2. 13. 콜센터에서 20대 여성인 피해자에게 검사를 사칭하여 개인 정보 유출 사건에 연루되어 은행의 돈이 위험하니 금감원에서 예금을 강원‧동해 5 보호해 주겠다고 속인 다음, 경찰서 금감원 직원을 사칭, 피해자로부터 3,400만원을 편취한 피의자 검거(구속) ’17. 2. 27. 콜센터에서 20대 여성인 피해자에게 검찰 수사관을 사칭하여 서울‧성북 6 명의 도용으로 보호가 필요하니 돈을 금감원 직원에게 맡기라고 속인 다음, 경찰서 금감원 직원을 사칭, 피해자로부터 1,900만원을 건네받으려던 피의자 검거(구속) ’17. 3. 7. 콜센터에서 20대 여성 6명을 상대로 서울지검 검사나 검찰 수사관을 사칭하여 명의도용으로 보호가 필요하다며 돈을 찾아 금감원 서울‧강북 7 직원에게 맡기라고 속인 다음, 경찰서 금감원 직원을 사칭, 피해자들로부터 1억 7,000만원을 편취한 피의자 3명 검거(모두 구속) 서울중앙지검 직원을 사칭한 사기범이 37세 여성 A씨에게 연락하여 “본인 명의의 계좌가 명의도용 되었다”며 피해자를 위협 금융감독원 8 이후 ""계좌에 있는 돈을 안전하게 보호하려면 금감원 직원에게 보관 인근에서 해야 한다“고 속인 다음, 피해 발생 B씨는 인출한 현금 4천만원을 여의도역 3번 출구 앞에서 사기범에게 전달 검찰직원을 사칭한 사기범이 28세 여교사 B씨에게 연락하여 “보이스 피싱 사건에 연루되었으니, 48시간 이내에 금감원에서 조사를 받지 금융감독원 않으면 구속영장이 발부될 것”이라며 피해자를 위협 인근에서 이후 피해자에게 “계좌가 이미 노출되어 계좌에 계속 돈을 넣어두면 9 현금편취 위험하니 현금으로 인출하여 여의나루역에서 내려 금감원 쪽으로 시도하였으나, 택시타고 오면서 연락하라”고 요구 피해예방 현금 3천만원을 인출한 피해자는 사기범이 요구와는 달리 여의도역에서 내려 금감원을 직접 방문하여 상담 후 피해 예방 - 4 -  붙임 2 은행 창구 비치 보이스피싱 예방 진단표 - 5 -",scenario,pdf,20180111,불법금융대응단,[]
text_061_20180111_불법금융대응단,"금융생활에 필요한 모든 정보, 인터넷에서 「파인」 두 글자를 쳐보세요 “금융은 튼튼하게, 소비자는 행복하게” 보 도 자 료 보도 2017. 11. 2.(목) 조간 배포 2017. 11. 1.(수) 불법금융 김범수 팀장(3145-8521), 권순표 수석조사역(3145-8526) 대응단 담당부서 경찰청 박찬우 경정(3150-2168), 최진용 경감(3150-1777) 수사1과 제 목 : 젊은 여성 표적 보이스피싱 기승, 소비자경보 「경고」로 격상! [｢3유․3불 불법금융행위 추방 및 5대 금융악 척결 특별대책｣ 이행과제] ▣ 소비자경보 2017-9호 등급 주의 경고 위험 1 소비자경보 격상 배경 대상 20~30대 전문직․사무직 여성 □ 대출수요가 많은 40~50대를 대상으로 하는 대출빙자형 보이스피싱이 증가하고 있는 가운데, 20~30대 젊은 여성을 표적으로 하는 경찰·검찰· 금감원 등 정부기관 사칭형 보이스피싱도 여전히 기승을 부리고 있음 ◦ 이에 경찰청·금감원은 ‘17.4.6. 젊은 여성을 표적으로 하는 보이스피싱 * 피해가 급증함에 따라 소비자경보 “주의”를 발령 하였음에도 불구하고 * ｢젊은 여성을 표적으로 하는 보이스피싱 급증, 소비자경보 발령｣ 보도자료 참고 - 피해가 줄어들지 않고 계속해서 증가함에 따라 소비자경보 등급을 “경고”로 한 단계 격상하고자 함 ◦ 특히, 교사, 간호사 등 20~30대 전문직․사무직 여성의 피해가 큰 * 것 으로 나타나 이들의 각별한 주의가 요망됨 * ’17.9월 한 달간 수사기관․금감원 사칭 피해자 중 피해금 1천만원 이상인 20~30대 전문직․사무직 여성은 38명이며, 이들의 피해금액은 7억 7천만원에 달함 - 1 -  <20~30대 여성의 수사기관․금감원 사칭 보이스피싱 피해금 추이> 참고1) 수사기관․금감원 사칭 보이스피싱 : 경찰, 검찰, 금감원 직원 등을 사칭하여 접근한 뒤, 해당 계좌가 명의도용 혹은 범죄에 이용되었으니 국가에서 안전하게 돈을 보관해주겠다며 피해금을 편취하는 수법 참고2) 사기범에게 계좌 이체가 아니라 현금을 직접 전달하는 경우 금감원의 피해금 환급 절차를 통한 피해금 환급을 받을 수 없으므로, 각별한 주의가 요구됨 2 20~30대 전문직․사무직 여성이 표적이 되는 이유 □ 20~30대 전문직․사무직 여성은 아래와 같은 특성으로 인해 보이스 피싱에 취약한 것으로 판단됨 ◦ 이들은 사회 초년생으로 개인정보를 입수한 사기범이 전화를 걸며 성명, 주민번호, 직업뿐만 아니라 심지어 직장동료 성명까지 이야기하는 경우 사기임을 의심하지 못하는 경향이 있으며 ◦ 또한 여성으로서 남성에 비해 사회진출이 빨라 결혼자금 등 목돈을 모았을 가능성이 높고 ◦ 아울러 스스로 전문직·사무직이라고 생각하는 사람일수록 사기범이 수사기관․금감원이라며 권위와 지식정보를 갖춘 것처럼 포장할 경우 이를 신뢰하는 경향이 있음 - 2 -  3 점점 교묘하고 대담한 수법을 사용 □ 고액의 현금을 인출하는 경우 은행 창구 직원이 보이스피싱 여부에 대해 문진을 실시하기 때문에 사기범은 이를 회피하기 위해 피해자로 * 하여금 달러로 환전 하게 하고 * 일부 창구 직원은 여행 목적 등으로 달러 환전 요청시 자금사용 용도가 확인된다고 생각하여 문진을 실시하지 않음 ◦ 금감원 인근에서 현금(달러)을 편취한 후 조사가 끝나면 돈을 돌려 주므로 피해자에게 금감원에 직접 방문하라고 기망하는 등 점점 교묘하고 대담한 수법을 사용하고 있음 4 소비자 당부사항 □ 개인정보가 광범위하게 유출되어 범죄에 악용되고 있으므로 수사기관· * 금감원 직원 등이라는 전화를 받은 경우 당황하지 말고 양해 를 구한 후 전화를 끊고 * 양해를 구했는데도 전화를 끊지 못하도록 하거나 불이익을 받을 수 있다는 등 고압적인 말투로 재촉하는 경우 보이스피싱을 의심 ◦ 주변 지인에게 통화내용을 설명하여 도움을 받거나 해당 기관의 공식 * 대표번호 로 전화하여 반드시 사실여부를 확인할 것을 당부드림 * 경찰청(☎112), 검찰청(☎02-3480-2000), 금감원(☎1332) □ 전화로 수사기관·금감원 등 정부기관이라며 자금이체나 현금전달을 요구하면 100% 보이스피싱임을 명심하고 ◦ 증인소환장, 출석요구서 등 수사기관․금감원의 주요 공문서는 등기 우편으로 발송하므로 핸드폰으로 받는 문서는 의심을 해야 함 - 3 -  5 향후 대응방안 □ 금감원은 피해가 많은 20~30대 여성이 은행에서 고액의 현금을 인출 할 때는 보이스피싱 예방 문진 제도를 집중 강화토록 하고 ◦ 특히 고액을 외화로 환전하는 경우 등에도 반드시 보이스피싱 피해 위험 안내를 하도록 지도할 예정이며 ◦ 또한 20~30대 여성이 자주 사용하는 SNS 등 온라인 매체를 활용하여 보이스피싱 수법과 사기범의 목소리를 집중 전파할 계획임 □ 경찰청은 정부기관 및 공공기관의 신뢰를 이용한 보이스피싱 사기범들을 강력하게 단속하는 한편, ◦ 금감원, 금융기관과 협조하여 은행 창구에서 범죄의심 거래 신고시 신속하게 출동하여 범행을 사전에 예방할 수 있도록 주력할 방침임 □ 아울러 양 기관은 최근 교사․간호사 등 전문직 여성을 대상으로 한 피해가 빈발함에 따라 교육부 등 관련기관에 해당 사례를 전파하여 피해 예방에 활용될 수 있도록 할 예정임 ☞ 본 자료를 인용하여 보도할 경우에는 출처를 표기하여 주시기 바랍니다.(http://www.fss.or.kr) - 4 -  붙임 1 최근 피해 사례 □ 사기범은 기간제 교사로 근무하고 있는 피해자 A씨(20대, 여)의 개인 정보를 사전에 확보한 후 검찰청 직원을 사칭하여 ◦ “A씨 명의의 계좌가 불법 자금 사건에 연루되어, 오늘 조사를 받지 않는 경우 구치소에 수감될 수 있다”면서 급박하고 고압적인 분위기를 연출하는 등 피해자를 위협하고 ◦ 동시에 피해자에게 가짜 검찰청 공문을 휴대폰으로 보내 사실임을 믿게 한 후, 계좌에 있는 돈이 불법 자금인지 확인이 필요하다며 모두 현금으로 출금하여 금감원 직원에게 전달하도록 속였음 □ 이후 사기범이 피해자에게 은행 직원도 연루되어 있으므로 은행 직원에게 해당 사건에 대해 절대 언급해서는 안 된다고 당부하고 ◦ 특히, 은행에서 고액의 현금을 인출하는 경우 보이스피싱으로 의심 할 수 있으니 신혼여행 목적이라며 달러로 환전해서 가져오도록 구체적으로 지시하자 - 피해자는 사기범의 지시대로 계좌에 있던 2,400만원을 달러로 환전하여 ○○역 근처에서 금감원 직원을 사칭한 사기범을 만나 $20,000을 전달하였으며 ◦ 이어서, 사기범이 금감원에서 조사가 끝나면 돈을 돌려주므로 금감원을 방문하라고 안내하자 - 피해자는 직접 금감원을 방문하여 상담하는 과정에서 뒤늦게 피해 사실을 인지하였음 - 5 -  붙임 2 사기범과의 주요 통화내용 ※ 해당 통화내용은 실제 피해자와 사기범의 6시간가량 통화 중 일부 내용임 ☞ 사기범 목소리 바로 듣기 (클릭) 1. 불법 자금 사건에 연루되었다며, 교직에 있는 피해자를 협박 ▣ (사기범) 먼저 수사관을 통해서 부여받은 사건번호와 본인 성함을 육성으로 말씀하세요. ▣ (피해자) 사건번호 2017조사7403 김xx명의도용 안건이요. 김○○요 ▣ (사기범) 피해자 입증을 받지 못하시면, 지금 본인 같은 경우에는 교직 공무원이시죠? 김○○씨 같은 경우에는 현재 직장이 있는 여성분으로 저희가 파악되기 때문에 도주 우려가 많다고 판단되지 않아서 1차적으로 약식 조사를 진행을 합니다. 혹여나 김○○씨가 그럴 일은 없겠지만, 이 사안에 대해서 내가 거부를 하겠다하시면 거부 하셔도 돼요. 그럼 저희는 원칙대로 구속 조사를 본인 앞으로 진행을 할 겁니다. 저희가 구속 영장을 청구하게 되면 본인 신상명부에 남게 되어있습니다. 아무래도 지금 교직 공무원이시기 때문에, 공부를 하시던지 아니면 문제지 앞면에 보시면 결격 사유가 있는 자에 대해서는 시험 자격을 박탈한다. 이 내용 아시죠? 피해자 입증을 받기 위해서는 물론 저희 공문내용, 검찰청 홈페이지를 통해서 공문내용을 확인을 하시고, 주의사항이라든지 절차에 대해서 본인 육안으로 먼저 확인을 하셔야 할 겁니다. 2. 금융회사 방문 전 피해자에게 금융회사 직원이 의심하지 못하도록 당부 ▣ (사기범) 이번 사건에 금융권 직원이 연루가 되어있는 사기사건이기 때문에 현재 모든 금융권에 대해서는 저희가 내부수사가 진행 중입니다. 금융권 들어가시면 저희 수사기관과 통화가 불가능합니다. 말씀드렸다시피 이번 사건은 금융권 직원이 속해있는 거고, 아직 검거되지 않은 일당들이 금융권에 종사하고 있다는 가정 하에 이루어지는 수사이기 때문에... ▣ (사기범) 그렇다고 해서 녹취가 진행 중인데 통화가 끊어지면 안 되겠죠? 금융권에 들어가시면 가방 속에 핸드폰을 넣어두시고, 업무를 보시면 되는데, 특이사항이 발생하게 되면 금융권 밖으로 나오셔서 저한테 얘기해 주시면 되고요. 그리고 특이사항이 어떤 경우냐면 본인의 업무를 도와주는 금융권 직원이 의심이 갈만한 행동을 하는지, 예를 들면 계속해서 자리를 뜬다거나, 직원 옆 사람과 본인에 대해서 자꾸 이야기를 한다거나, 이건 특이사항입니다. 그리고 업무를 보실 때 직원이 휴대폰을 보여 달라고 하면 자연스럽게 전화를 끊으신 뒤에 직원에게 보여주고, 저희가 10~15분 후에 다시 전화를 드릴 거고, 그러면 통화버튼만 누르고 가방에 넣어주시면 됩니다. 3. 금감원 직원을 사칭한 자에게 피해금을 직접 전달하도록 유도 ▣ (사기범) 지금 금융감독원에 본인 출입허가증이 계속 기각이 된 상태라, 여의도 근처에서 대기를 하셔야 할 것 같은데, 가까운 CCTV 가장 많은 지하철역으로 가실 겁니다. 택시타시면 택시 기사분께 ○○역 ○번 출구로 가달라고 하시면 됩니다. - 6 -  붙임 3 사기범이 보낸 가짜 검찰청 공문서 - 7 -  붙임 4 피해자 전화설문 조사결과 □ ’17.9월중 경찰, 검찰, 금감원 사칭 보이스피싱 피해자 중 피해금이 1천만원 이상인 20~30대 여성 86명을 대상으로 전화설문 조사를 실시하여 ◦ 86명 중 51명이 전화설문에 응함(응답률 59.3%) 전화설문 조사결과 설문항목 조사결과 ① 일반 사무직 27명(52.9%) ② 교사, 간호사 등 전문직 11명(21.6%) 1. 직업 ③ 주부 6명(11.8%) ④ 무직 4명(7.8%) ⑤ 자영업, 학생 3명(5.9%) 2. 사기범이 개인정보를 알고 ① Yes 51명(100%) 전화했는지 여부(Y/N) ① Yes 23명(45.1%) 3. 피해금 인출·이체를 위해 ② No 25명(49.0%) 예·적금 해지 여부(Y/N) ③ 무응답 3명(5.9%) - 8 -  붙임 5 주요 검거 사례 [경찰청] 연번 사 건 개 요 비 고 ’17. 5. 25,경 검사를 사칭한 사기범은 ‘개인정보 유출로 대포통장 사건에 연루되었다, 예금이 범죄와 관련 있는지 조사해야한다’고 속이고, 가짜 검찰청 사이트에서 사건번호를 조회 하여 믿게 하는 수법으로 1 지능팀 금감원 직원을 사칭, 20대 여성 피해자 5명으로부터 1억 4,300만원 상당 편취(4명 구속) <대구‧북부> ’17. 5. 25.경 검사를 사칭한 사기범은 ‘개인정보 유출로 범죄에 연루 되었다, 돈을 인출하여 금감원에 맡기면 차후 돌려주겠다’고 속이고, 2 지수대 금감원 직원을 사칭하여 금감원장 명의 금융계좌추적민원서를 교부 하여 믿게 하는 수법으로 20~30대 여성 피해자 9명으로부터 3억 6,000만원 상당 편취(1명 구속) <광주‧지수대> ’17. 6. 7.경 검사를 사칭한 사기범은 ‘명의 도용으로 범죄에 연루 되었다, 예금을 보호해야 한다’고 속이고, 3 지능팀 금감원 직원을 사칭하여 금감원 명의 공문을 보여주며 20대 여성 피해자 29명으로부터 5억 2,400만원 상당 편취(6명 구속) <서울‧구로> ’17. 7. 25경 검사를 사칭한 사기범은 ‘명의가 도용되어 고소가 되었는데, 범인이 맞는지 확인해야 한다, 일부는 달러로 환전을 하여 건네 달라’고 하는 수법으로, 4 지능팀 여성 금감원 직원을 사칭, 금융위원회 위원장 명의의 공문을 제시하며 20~30대 여성 피해자 8명으로부터 1억 5,800만원 상당(미화 2만7,000 달러 포함) 편취(구속) <인천·연수> ’16. 9. 5. ~ 12. 6..경 검사를 사칭한 사기범은 ‘계좌가 범죄에 이용되었으니 돈을 금감원에 맡겨야 한다’고 속이고, 가짜 검찰청 홈페이지에 접속하여 정보 조회를 하여 믿게 하는 수법으로 5 지수대 금감원 직원을 사칭하여 20·30대 여성 피해자 50명으로부터 19억원 상당 편취(7명 구속) <대구‧지수대> - 9 -",scenario,pdf,20180111,불법금융대응단,[]
text_062_20180111_불법금융대응단,"금융생활에 필요한 모든 정보, 인터넷에서 「파인」 두 글자를 쳐보세요 “금융은 튼튼하게, 소비자는 행복하게” 보 도 자 료 보도 2017. 12. 21.(목) 석간 배포 2017. 12. 20.(수) 담당부서 불법금융대응단 김범수 팀장(3145-8521), 권순표 수석(3145-8526) 제 목 : 젊은 여성(1인), 보이스피싱으로 8억원 피해 발생 - 연말연시 보이스피싱이 기승을 부리고 있어 각별한 주의 필요 1 개 요 □ 젊은 여성을 표적으로 하는 보이스피싱 피해가 급증함에 따라 금감원과 * 경찰청이 2차례에 걸쳐 소비자경보를 발령 했음에도 불구하고 * ’17.4.6. ｢젊은 여성을 표적으로 하는 보이스피싱 급증, 소비자경보 발령｣, ’17.11.2. ｢젊은 여성 표적 보이스피싱 기승, 소비자경보 “경고”로 격상!｣ 참조 ◦ 최근 젊은 여성 1인이 검찰을 사칭하는 사기범에게 속아 거액의 자금(8억원*)을 편취 당한 피해 발생 * 1인 피해금액으로 최대이며, 기존 1인 최대 피해금액은 3억원(’17.6월)임 ◦ 사기범은 피해자의 계좌가 범죄에 이용되었으니 계좌에 있는 자금을 안전하게 보관해 주겠다며 피해자를 기망한 후 - 사기범이 알려주는 안전계좌(사실은 대포통장 및 가상통화 거래소 계좌)로 8억원을 송금케 하고 가상통화를 구입한 후 이를 편취 * □ 연말연시 보이스피싱이 기승 을 부리고 있어 금융소비자의 각별한 주의가 필요 * 피해액(월평균) : 182억원(’17.1~10월) → 280억원(’17.11월~12월 예측치)[53.8%↑] - 1 -  2 피해 사례* * 피해자 개인정보 보호를 위해 일부 내용 편집 ① 사기범은 서울중앙지검 검사를 사칭, 피해자에게 피해자(甲) 명의의 대포통장이 개설되어 범죄에 이용되었다며 접근 - 명의 도용으로 인해 피해자 계좌에 있는 돈이 출금될 수 있으니, 조사가 끝날 때까지 안전하게 보관해주겠다며 돈을 보내라고 요구 ② 피해자는 사기범이 알려주는 4개의 계좌로 총 8억원 송금 - 은행 대포통장 3개(각각 A, B, C 명의)로 5억원 송금[이후 사기범은 동 금액을 다시 A, B, C 명의의 가상통화 거래소 가상계좌로 재송금] * - 가상통화 거래소 가상계좌(D 명의) 로 3억원 송금 * 현재 가상통화 거래소는 회원명과 가상계좌로의 송금인명이 불일치할 경우 거래가 제한되고 있어, 사기범은 이를 회피하기 위해 피해자(甲)에게 송금인명을 거래소 회원명(D)으로 변경하여 송금할 것을 요구 ③ 사기범은 A, B, C, D 명의로 8억원의 가상통화(비트코인)를 구입한 후 이를 사기범의 전자지갑으로 이전하여 현금화 검찰 사칭 및 가상통화를 악용하여 8억원을 편취한 사례 - 2 -  3 소비자 유의사항 □ 전화로 정부기관이라며 돈을 보내라고 요구하면 일단 보이스피싱 의심 ◦ 수사기관·금감원 직원 등이라는 전화를 받은 경우 당황하지 말고 * 양해 를 구한 후 전화를 끊고 * 양해를 구했는데도 전화를 끊지 못하도록 하거나 불이익을 받을 수 있다는 등 고압적인 말투로 재촉하는 경우 보이스피싱을 의심 - 주변 지인에게 통화내용을 설명하여 도움을 받거나 해당 기관의 공식 * 대표번호 로 전화하여 반드시 사실여부를 확인할 것을 당부드림 * 경찰청(☎112), 검찰청(☎02-3480-2000), 금감원(☎1332) ◦ 한편, 송금인 정보를 변경하여 타인 명의의 계좌로 금전을 보내라고 요구한다면 100% 보이스피싱임을 명심 □ 지연이체서비스*를 적극 활용하고, 이체금액 한도를 줄여 놓는 것이 안전 * 인터넷뱅킹 등을 통한 송금시 수취인 계좌에 일정시간(최소 3시간) 경과 후 입금 되도록 하는 서비스로 취소 가능한 시간적 여유를 가질 수 있음 4 향후 대응방안 □ 20~30대 여성에 대하여 보이스피싱 위험 안내(인터넷뱅킹 이체 및 창구 고액현금 인출시 문진 등)를 한층 강화하고, 이들이 자주 이용하는 SNS 등 온라인 매체를 활용하여 동 사례를 집중 전파 ◦ `17.12.1.~`18.1.31. 기간 중 금감원과 금융권은 보이스피싱 집중 단속 실시 □ 최근 가상통화가 피해금 인출에 악용되는 사례가 증가하고 있어 * 가상통화 거래소와 협력 하여 소비자보호대책을 강구 중 * 가상통화 거래소는 비금융 사기업이기 때문에 금융감독당국의 직접적인 지도, 감독이 어려움 ☞ 본 자료를 인용하여 보도할 경우에는 출처를 표기하여 주시기 바랍니다.(http://www.fss.or.kr) - 3 -",scenario,pdf,20180111,불법금융대응단,[]
text_064_20150420_서민금융지원국,"건 보 도 자 료 2015. 4. 6. (월)조간부터 보도 가능 담당부서 서민금융지원국 조성목 선임국장(3145-8150), 김상록 팀장(3145-8129) 배 포 일 2015. 4. 3.(금) 배포부서 공보실 (3145-5789~92) 총 5매 제목 : 불법 대출중개수수료 피해현황 및 소비자 유의사항 - 대출신청자에게 대출중개 수수료를 받는 것은 불법!, 금융감독원에 신고하세요! 1 개 요 □ (불법 중개수수료) 대부중개업자 등은 대출을 받는 상대방으로부터 수 수료, 사례금 등의 명칭에 불구하고 중개수수료를 받을 수 없으나, ◦ 대출과정에서 불법적으로 중개수수료를 편취하는 사례가 근절되지 않고 있어, 대부업체 등을 이용하는 서민들의 금전적 부담을 가중 □ (최근 동향) 금융소비자의 불법적인 대부중개 수수료에 대한 인식 제고 등에 힘입어 전체 신고건수는 줄어들고 있으나, ◦ 불법적으로 중개수수료를 편취하는 수법이 날로 교묘해지고 있는 실정 2 현 황 □ (피해유형) 대출과정에서 여러 가지 명칭으로 수수료를 요구하면서 이를 편취하는 방식이며, 대부중개 행위 유무에 따라 구분 가능 * ① 종전에는 대부중개 를 하면서 보증보험료, 전산작업비 등의 명칭 으로 수수료를 편취하는 방식이었으나, * 대출중개업자가 신청자와 상담한 후 대출가능 신청서류를 대부업체에 심사토록 전달 * ② 최근에는 대부중개 행위가 없음에도 거짓으로 중개를 한 것처럼 하면서 저금리대출 전환 등을 미끼로 수수료를 편취하는 피해 신고건의 비중이 늘어나는 추세 * ① 대출신청자로 하여금 대부업체 상담코너에 연락처를 남겨 답신 전화 유도 ② 대표전화번호/홈페이지 등을 알려주고 본인이 직접 연락토록 함 ☞ 본 자료를 인용하여 보도할 경우에는 출처를 표기하여 주시기 바랍니다.(http://www.fss.or.kr) - 1 -  불법대부중개수수료 피해신고 현황 (단위 : 건, 백만원, %) 구 분 '11년 ’12년 ‘13년 ‘14년 ’15.1～3월 누 계 전체 신고건수 3,449 2,454 679 145 28 6,755 ① 중개행위 3,228 1,587 206 44 8 5,073 ② 거짓중개 221 867 473 101 20 1,682 □ (피해신고) 금융감독원의『불법사금융 신고센터』(국번없이 ☎ 1332)로 ’11년～’15.3월 기간중 총 6,755건(피해금 173억원)의 피해신고가 접수 * 되었으며, 전체 피해신고 건수는 지속적으로 감소 * 신고건수 : ’11년 3,449건 → ’12년 2,454건 → ’13년 679건 → ’14년 145건 ◦ 최근에는 대부중개가 없음에도 거짓으로 중개를 가장한 행위에 속아 * 수수료를 편취당하는 비중 이 높은 편 * 전체 피해금액중 ’12년 37.4%→’13년 71.7%→’14년 64.6% → ’15.1～3월 68.7% 차지 □ (피해금 반환) 금융감독원은 대부업체 등으로 하여금 피해자에게 불법 중개수수료를 반환토록 요구하며, 그동안 3,436건(반환금 56억원)이 * 피해자에게 반환 * 전체건수중 반환비중은 건수기준 50.9%, 피해금액 기준 32.6%임 ◦ 반환건수가 절반 수준인 이유는 금융감독원의 반환요구가 법적근거가 없고, 거짓으로 대부 중개를 하고 수수료를 편취한 자가 연락이 두절 되거나 반환을 거부하는데 주로 기인 불법대부중개수수료 피해금액 및 반환 현황 (단위 : 건, 백만원, %) 구 분 '11년 ’12년 ‘13년 ‘14년 ’15.1～3월 누 계 전체 피해금액 4,001 8,089 4,425 621 160 17,296 3,682 5,062 1,254 220 50 10,268 ① 중개행위 (92.0) (62.6) (28.3) (35.4) (31.3) (59.4) 319 3,027 3,171 401 110 7,028 ② 거짓중개 (8.0) (37.4) (71.7) (64.6) (68.7) (40.6) 3,436 반환건수 2,125 1,183 101 23 4 (50.9) 5,633 반환금액 2,402 2,858 289 80 4 (32.6) 주) ( )내는 비중 - 2 -  3 소비자 유의사항 □ (즉시 신고) 대출과정에서 보증보험료, 전산작업비 등의 명칭으로 수수료를 지급하였거나 요구받은 경우 금융감독원『불법사금융 * 신고센터』(국번없이 ☎ 1332)로 즉시 신고 * 다만,「대부업 등의 등록 및 금융이용자 보호에 관한 법률」등에 의한 대부중개행위는 합법 ◦ 대출관련 피해를 사전에 예방하기 위해서는 본인이 직접 금융회사와 접촉 * 하거나 사회적기업인 한국이지론 (http://www.egloan.co.kr)을 통해 자신의 신용도 및 소득수준에 맞는 대출상품을 확인해 볼 필요 * 대출사기 및 불법사채 피해예방을 위해 ‘맞춤형 대출정보’를 제공 <참고 1> 대부중개 행위가 있는 경우 <참고 2> 거짓으로 대부중개 행위를 한 경우 (붙임) 불법대출중개 수수료 피해 사례 - 3 -  (붙임) 불법대출중개수수료 피해 사례 ◈ 보증보험료, 전산작업비 등의 명칭으로 수수료를 편취하는 사례가 일반적이었으나, ◦ 최근에는 고금리대출을 받고 일정 기간 성실하게 상환하면 향후 저금리대출로 전환해주겠다고 현혹하여 전환수수료 명칭으로 수수료를 편취하는 사례 증가  대부중개 행위가 있는 경우 [ 보증보험료 ] □ ’14.6월 경기도 성남에 거주하는 유모씨(여)는 야채가게를 운영하며 금전적으로 어려움을 겪던 중 대부중개업체 A사 김모씨와 대출관련 상담 결과, 저금리의 대출은 가능하나 유모씨의 신용등급이 낮아 별도의 보증보험료가 필요하 다는 답변을 들음 ◦ 유모씨는 의심스러운 마음이 들었지만 보증보험에 가입하지 않으면 대출을 받을 수 없다고 하자, 급한 마음에 1,000만원을 대출받으면서 240만원을 보증보험료로 이체한 사례 [ 전산작업비 ] □ ’14.8월 경기도 안산에 거주하는 일용직 근로자 권모씨(남)는 전세자금이 부족하여 대출을 알아보던 중 대부중개업체 B사 서모씨로부터 대출 안내 전화를 받게 되어 대출 가능여부를 문의 ◦ 권모씨는 본인의 신용등급을 1~2등급을 올려야 대출이 가능하며 이를 위한 전산작업비가 필요하다는 서모씨의 답변에 따라, 대부업체 2개사 로부터 10백만원의 대출을 받으면서 180만원을 송금한 사례 - 4 -   거짓으로 대부중개행위를 가장한 경우 [ 전환수수료 ] □ ’14.11월 대전에 사는 고모씨(여)는 부모님의 건강악화로 병원비가 필요 하여 돈을 구하고 있는 차에 00은행 직원이라고 사칭하는 정모씨와 대출관련 상담 결과, 00은행에서는 대출이 어려우니 우선 대부업체의 고 금리 대출을 받으라는 답변을 들음 ◦ 고모씨는 2개 대부업체로부터 고금리 대출 1,200만원을 받아 3개월만 착실히 상환하게 되면 4.5%의 저금리 대출로 전환시켜줄 수 있으며 이를 위해서는 전환수수료가 필요하다는 정모씨의 답변에 따라 240만원을 송금한 사례 □ ’14.12월 부산에 사는 정모씨(남)는 사업중단으로 생활자금이 필요하여 대출을 알아보던 중 D은행 계열사 직원이라고 사칭하는 김모씨로부터 휴대전화를 통해 대출권유를 받고 대출 가능여부를 문의 ◦ 정모씨는 본인의 신용등급이 낮아 저금리 대출이 어려우니 저축은행의 고금리 대출 2,000만원을 받아 3개월 동안 연체없이 대출이자를 정상 납입 하면 D은행의 저금리 대출상품으로 전환해 주겠다는 김모씨의 답변에 현혹되어 수수료 200만원을 입금 - 5 -",scenario,pdf,20150420,서민금융지원국,[]
text_065_20150420_서민금융지원국,"“금융은 튼튼하게, 소비자는 행복하게” 보 도 자 료 배포시부터 보도 가능 조성목 선임국장(3145-8150), 김용실 팀장(3145-8521) 담당부서 서민금융지원국 김상록 팀장(3145-8129) 배 포 일 2015. 3. 26.(목) 배포부서 공보실(3145-5789~92) 총 2매 제 목 : 안심전환대출을 빙자한 대출사기 시도 관련 당부사항 - 국민행복기금 등을 빙자한 유사사기 피해도 꾸준히 발생 ▣ 소비자경보 2015-3호 1 개 요 상담신고 및 피해사례 * 신분증사본, 3개월간 통장사용 내역서, 의료보험납부확인서 등  2 당부사항 󰊱 주요 대출사기 수법을 평소 숙지할 것 대표적인 대출사기 수법 󰊲 󰊳 금전피해 발생 시 신속히 지급정지를 요청하고 피해환급금 반환을 신청할 것 * 경찰청으로부터 피해사실을 입증할 수 있는 ‘사건사고사실확인원’을 발부받아 피해구제신청서와 함께 제출해야 함 ☞ 본 자료를 인용하여 보도할 경우에는 출처를 표기하여 주시기 바랍니다. http://www.fss.or.kr",scenario,pdf,20150420,서민금융지원국,[]
text_066_20150420_서민금융지원국,"“금융은 튼튼하게, 소비자는 행복하게” 보 도 자 료 배포시부터 보도 가능 담당부서 서민금융지원국 조성목 선임국장(3145-8150), 김용실 팀장(3145-8521) 배 포 일 2015. 3. 18.(수) 배포부서 공보실(3145-5789~92) 총 2매 제 목 : 통장 명의인이 범죄자금을 인출하도록 하여 착취‧ 도주한 신종사기 발생에 따른 당부사항 1 개 요 □ 금융사기범이 양도 대여받은 대포통장을 사용하여 피해자금을 자동화기기(CD/ATM)에서 직접 인출하는 기존 방식과 달리 ◦ 피해자금을 대포통장 명의인이 직접 인출하게 해서 전달받은 뒤 잠적한 사례가 최근 발생하여 소비자의 주의를 당부 사건 경위 ◈ 사기범은 대포통장 명의인으로 등록된 K씨에게 '15.3.16(월) ‘절세목적 으로 사용하려고 하니 예금계좌로 들어오는 금액을 대신 인출해 주면 수수료를 지급하겠다’며 제안함 ◦ 이에 K씨는 금융사기 피해자로부터 A은행 통장으로 3천만원, B은행 통장으로 6,100만원을 입금 받아 ◦ 사기범의 요구대로 5천만원의 현금을 인출하여 사기범에게 전달하였 으며, 영업점 외부에서 대기중이던 사기범은 약속한 수수료도 지급하지 않고 도주한 상태 □ 이는 ‘돈만 대신 찾아주면 수수료를 주겠다’는 식으로 직접 인출을 유도하는 등 최근 대포통장 확보가 곤란해지자 이를 회피 하기 위한 신종수법임 ☞ 본 자료를 인용하여 보도할 경우에는 출처를 표기하여 주시기 바랍니다. http://www.fss.or.kr - 1 -  2 당부사항 □ 출처불명의 자금을 대신 인출해주는 행위는 일절 금할 것 ◦ 자금을 대신 인출해 준 사람의 범죄에 대한 인식 정도에 따라 사기죄 등으로 처벌받을 소지가 있음 ‣ 제347조(사기) ① 사람을 기망하여 재물의 교부를 받거나 재산상의 이익을 취득한 자는 10년 이하의 징역 또는 2천만원 이하의 벌금에 처한다. ‣ 제32조(종범) ① 타인의 범죄를 방조한 자는 종범으로 처벌한다. □ 대포통장 명의인으로 등록 시 각종 금융거래제한 조치로 정상적인 사회생활이 곤란해 질 수 있으니 각별히 유의할 것 ◦ 1년간 입출금이 자유로운 예금계좌 개설 제한, 대포통장 명의인의 전계좌에 대한 비대면거래 제한 ◦ 금융거래(신용카드 발급 및 대출취급 심사 등) 시 대포통장 명의인 등록 이력 정보를 심사 참고자료로 활용 - 2 -",scenario,pdf,20150420,서민금융지원국,[]
text_067_20150420_서민금융지원국,"“금융은 튼튼하게, 소비자는 행복하게” 보 도 자 료 배포시부터 보도 가능 조성목 선임국장(3145-8150), 김용실 팀장(3145-8521) 담당부서 서민금융지원국 김상록 팀장(3145-8129) 배 포 일 2015. 3. 31.(화) 배포부서 공보실(3145-5789~92) 총 2매 제 목 : `“금융감독원 직원 박선영”을 주의하세요. 1 개 요 □ 지난 3월 5일부터 ‘금융감독원 은행전산보안팀 이동수과장’을 사칭한 보이스피싱 유도문자가 기승을 부린 가운데 이어서 □ 사기조직은 금일 오전부터 문자메시지 상 금융감독원 직원의 이름을 ‘이동수과장’에서 ‘박선영’으로 변경하여 ◦ 금일 오전중에만 동 사기유도 문자를 수신한 제보가 금융 감독원 불법사금융피해신고센터(☏1332)에 20여건에 육박하는 등 □ 감독당국의 대응을 회피한 보이스피싱 시도가 여전히 지속 되고 있어 휴대전화 사용자의 각별한 주의가 요망됨 (지정된 번호로 전화시 통화내용) (SMS 화면) ◈ 본인의 계좌가 해외에서 무단으로 인터넷뱅킹이 이용된 기록이 있어, 계좌보안 강화조치를 취해야 하니 ‘금융감독원 은행전산보안팀 직원 박선영’이 전화를 하면 요구하는 정보를 알려주도록 할 것 - 1 -  2 유의 및 당부사항  금융감독원은 특정 전화번호를 통해 불특정 다수에게 금융 거래정보를 요구하는 메시지를 발신하지 않으며, 이는 100% 보이스피싱 사기에 해당되므로 절대 응하지 말 것 (☞ 대처방법) 사기범들은 대포폰 등 범죄목적으로 개통된 또 다른 전화번호로 유사한 내용의 사기전화를 발신할 가능성이 높음 → 경찰청 사이버안전국 신고전화(☏02-3150-2659)로 신고 요망  문자메시지상 출처가 불분명한 수신 전화번호 각별히 주의 ◦ 공공기관을 사칭, 각종 전자금융사기 예방 등을 빙자하여 전화를 유도할 경우에도 반드시 출처를 확인해야 함 ☞ 본 자료를 인용하여 보도할 경우에는 출처를 표기하여 주시기 바랍니다. http://www.fss.or.kr - 2 -",scenario,pdf,20150420,서민금융지원국,[]
text_068_20150420_서민금융지원국,"“금융은 튼튼하게, 소비자는 행복하게” 보 도 참 고 자 료 배포시부터 보도 가능 담당부서 서민금융지원국 조성목 선임국장(3145-8150), 김용실 팀장(3145-8521) 배 포 일 2015. 3. 17.(화) 배포부서 공보실(3145-5789~92) 총 2매 제 목 : 금융감독원 직원을 사칭한 금융사기 관련 당부사항 1. 배 경 □ 최근 보이스피싱 사기범들이 혼자 사는 노인 등을 대상으로 가짜 금융감독원 신분증을 이용하여 금감원 직원인양 행세하면서 돈을 가로채는 피해가 연이어 발생 ◦ 보이스피싱 피해 차단을 위한 금감원, 경찰청 등 정부당국의 단속 및 예방활동이 한층 강화되자 독거노인 등 취약계층을 대상으로 한 고전적인 사기수법이 다시 성행할 우려 금감원 직원 사칭 보이스피싱 피해사례 (사례1: 현금을 찾아 집으로 가져오도록 함) 독거노인 등을 대상으로 가짜 금감원 직원 신분증을 보여주고 “계좌정보가 노출되어 안전조치가 필요하다”고 하면서 예금을 현금으로 찾아 집으로 가져오도록 하여 가로챔(’15.3월 : 피해자 6명, 피해액 2억 5,650만원) (사례2: 금융감독원 직원사칭 사기유도문자 발송) ‘해외접속 결제시도 IP 로그인 수집으로 고객정보 유출이 추정되어 금융안전을 위해 본인 인증번호를 입력하여야 한다’는 내용으로 불특정 다수에게 문자를 대량 발송하여 보이스피싱을 시도(신고접수 : 3.5일 41건, 3.6일 57건, 3.9일 141건) ☞ 본 자료를 인용하여 보도할 경우에는 출처를 표기하여 주시기 바랍니다. http://www.fss.or.kr - 1 -  2. 당부사항 □ 금융감독원 직원은 어떤 경우에도 일반 국민을 대상으로 개인․금융정보의 유출에 따른 안전조치를 이유로 예금을 현금으로 찾아 맡기도록 하거나 물품보관함 등에 넣어 두도록 요청하지 않음 ◦ 만일, 금융감독원, 검찰, 경찰 등 정부기관의 직원이라고 하면서 개인․금융정보 유출에 따른 안전조치를 이유로 “예금을 현금으로 찾아서 가져와라”, “물품보관함 등에 넣어 두라”, “특정계좌로 송금하라”고 한다면 100% 보이스피싱 사기조직이므로 절대 응하지 말고 즉시 경찰청(☏112)과 금융 감독원(☏1332)에 신고하여 주기 바람 3. 기 타 □ 금감원은 독거노인 등 취약계층의 유사피해 차단을 위해 보건복지부 등 관계부처에 적극적인 협조를 요청할 예정이며 ◦ 대한노인회(2013.7.8. 금감원과 금융교육 협력 등에 관한 업무협약 체결) 에도 어르신들이 유사피해에 노출되지 않도록 홍보를 강화해 줄 것을 요청하는 한편, 피해예방 교육을 한층 강화해 나갈 예정임 - 2 -",scenario,pdf,20150420,서민금융지원국,[]
text_069_20150420_서민금융지원국,"“금융은 튼튼하게, 소비자는 행복하게” 보 도 자 료 배포시부터 보도 가능 담당부서 서민금융지원국 조성목 선임국장(3145-8150), 김용실 팀장(3145-8521) 배 포 일 2015. 3. 13.(금) 배포부서 공보실(3145-5789~92) 총 3매 제 목 : 통장을 다른 사람에게 빌려주면 처벌될 수 있습니다. - 취업준비생을 대상으로 한 통장가로채기 피해 증가 ▣ 소비자경보 2015-1호 □ 금융감독원은 그동안 접근매체(통장, 현금카드 등) 양도는 법상 처벌 대상임에도 불구, 대가성이 없으면 처벌받지 않았으나 * 일반적으로 통장을 개설한 사람과 실제로 사용하는 사람이 다른 비정상적 통장을 뜻하는 것으로 금융사기 등 각종 범죄의 필수 범행도구임 연도별 피싱사기 이용 대포통장 추이 : (’12) 33,496 → (’13) 38,437 → (’14) 44,705건 ◦ 전자금융거래법 이 개정 시행(’15.1월)되어 돈을 주고 받지 않았 더라도 처벌받을 수 있다며 예금주들의 각별한 주의를 당부하였음 대포통장 명의인(통장을 빌려준 자) 등록에 따른 각종 불이익 ◈ (법상 처벌) 3년이하 징역 또는 2천만원 이하 벌금 ◈ (금융거래 제한) 1년간 입출금이 자유로운 예금계좌 개설 제한, 대포 통장 명의인의 전계좌에 대한 비대면거래 제한 ◈ (금융거래 참고) 금융거래(신용카드 발급 및 대출취급 심사 등) 시 통장 양도 이력 고객 정보를 심사 참고자료로 활용 ☞ 본 자료를 인용하여 보도할 경우에는 출처를 표기하여 주시기 바랍니다. http://www.fss.or.kr - 1 -  □ 앞으로도 금융소비자는 건전한 금융질서 확립을 위하여 다음의 사항을 유념하여 대포통장 명의인으로 등록되어 피해를 입지 않도록 유의할 것을 당부함 ① 통장을 다른 사람에게 빌려주면 돈을 주고 받지 않았더라도 처벌될 수 있으니 이에 일절 응대하지 말아야 함 ② 통장(카드)을 양도 ․ 매매한 경우에는 즉시 발급 금융회사에 거래(지급)정지 또는 해지를 요청하고, 경찰에 신고하여야 함 ③ 신분증 분실 및 금융거래 관련 정보가 유출된 경우 ‘개인 * 정보노출자 사고예방시스템’ 에 등록하여 추가피해를 예방할 것 * 금융회사 한 곳에 개인정보 노출사실 신고 시 타 금융회사에 동 사실을 전파 하여 신고인 명의의 금융거래 모니터링을 강화하는 시스템으로, 금융회사 영업점이나 금융감독원 1층 민원센터를 방문하여 등록(해제) 가능 ④ 인터넷 등에서 통장매매 광고나 모집책을 발견하는 경우 에는 경찰청(112)이나 금융감독원으로 신고하여야 함 < 금융감독원 신고처 > ‣ 인터넷 : 홈페이지(http://www.fss.or.kr) “참여마당” →“금융범죄 비리신고”→ “사이버불법금융행위제보”코너「제보하기」에 위규내용 입력 ‣ 전 화 : 국번 없이 1332(→3)로 전화하여 위규내용 신고 - 2 -  참 고 ‘대포통장’관련 피해 및 피해예방 사례  아르바이트를 미끼로 통장과 체크(현금)카드를 가로챈 사례 피해자 B씨(20대, 남)는 군대를 전역해 직장을 구하던 중 아르바이트 사이트에서 한 건설회사의 전기보조 일을 찾게 되었다. 건설회사 과장은 “중간부터 일을 해도 월급이 다 나가 회사가 손해를 볼 수 있으니 통장을 한 달만 관리하겠다.”라고 제안했다. B씨는 일을 구했다는 기쁜 마음에 과장이 요구한 통장과 카드, 카드 비밀번호 등을 모두 넘겼다. 하지만 과장은 그 다음날부터 전화를 받지 않았고, 2주 뒤 경찰서에서 ‘통장 양도 행위’와 관련하여 조사를 받으라는 통보가 왔다. 전자금융거래법을 위반한 혐의자 신분으로 조사를 받은 B씨는 후 신규 예금계좌 개설 제한, 전자금융 거래 제한 등으로 금융생활을 하는 데 아주 큰 불편을 겪어야만 했다.  금융회사의 금융사기 모니터링을 통한 대포통장 피해 방지 사례 회사원 박모씨(남, 40세)는 ‘14.9월경 경찰을 사칭한 사기범에게 속아 가짜 경찰청 사이트에 보안카드 전체 등 금융정보를 입력하였으며, 사기범은 290만원씩 7차례에 걸쳐 총 2,000만원을 사기계좌로 이체 하였다. ○○은행은 사기의심거래로부터 금융소비자를 보호하기 위해 대포통장 의심거래에 대한 정보를 공유하는 등 자체점검을 실시하고 있었으며, 거래가 활발하지 않은 계좌에서 단시간내에 다수건의 거래가 일어나는 등에 대해 금융사기 의심거래로 분류하여 모니터링하고 있었다. ○○은행은 금융사기 의심거래에 대한 모니터링 도중 박모씨의 거래가 ’12.6월에 시행된 ‘300만원 이상 입금 시 10분간 인출 지연’ 제도를 회피 하기 위해 300만원 미만 금액으로 나누어 이체한 정황을 포착하여 박모씨 에게 정상거래 여부를 확인하였고 사기거래임을 인지한 즉시 지급정지 조치를 취하여 피해발생을 사전에 방지하였다. - 3 -",scenario,pdf,20150420,서민금융지원국,[]
text_070_20150420_서민금융지원국,"“금융은 튼튼하게, 소비자는 행복하게” 보 도 자 료 배포시부터 보도 가능 조성목 선임국장(3145-8150), 김상록 팀장(3145-8129) 담당부서 서민금융지원국 김용실 팀장(3145-8521) 배 포 일 2015. 3. 10.(화) 배포부서 공보실(3145-5789~92) 총 3매 제 목 : `“금융감독원의 이동수과장”을 주의하세요. ▣ 서민금융 지킴이 2015-1호 1 개 요 □ 최근 금융감독원 직원을 사칭한 보이스피싱(Voice Phishing)* 문자가 발견되어 휴대폰 사용자의 각별한 주의가 요망됨 * 전화를 통하여 개인정보를 알아낸 뒤 이를 범죄에 이용하는 전화금융 사기 수법 ◦ 금번 보이스피싱 유도문자는 과거 청첩장․돌잔치 초대 등 지 인을 사칭한 그간의 문자메시지와 달리, ◦ ‘해외접속 결제시도 IP 로그인 수집으로 고객정보 유출이 추정되어 금융안전을 위해 본인인증번호를 입력하여야 한다’는 ** 내용으로 불특정 다수에게 문자를 대량 발송 * 최근 3일간 ｢불법 사금융 신고센터(금감원 운영)｣에 접수된 신고 건수가 239건을 기록(3.5일 41건, 3.6일 57건, 3.9일 141건) ** 개인정보 등을 수집하여 금융사기에 이용할 목적으로 추정 (SMS 내용) 인터넷뱅킹 해외접속 결제시도 IP로그인 수집으로 고객정보 유출로 추정되오니 금융안전을 위해 본인확인 인증절차를 진행하오니 본인인증번호를 정확히 입력하세요. (SMS 내용) 금융감독원 은행전산보안팀 이동수과장입니다. 본인 앞으로 해킹유출 연락드렸으나 부재중으로 연결 안됩니다. 빠른 보안강화하세요. 직통전화번호 070-8074-7597. 070-8074-7598. ☞ 본 자료를 인용하여 보도할 경우에는 출처를 표기하여 주시기 바랍니다. http://www.fss.or.kr - 1 -  □ 특히, 사기범은 최근 보이스피싱 범죄가 기승을 부리는 점을 이용, 각종 전자금융사기에 대응하고 있는 금융감독원을 사칭 하였으며 ◦ 해킹으로 보안을 강화해야 금융사기를 예방할 수 있는 것처럼 휴대폰 사용자를 속인 것이 특징임 □ 금융감독원은 수사당국에 동 사실을 통보할 예정이며 ◦ 금융소비자의 보이스피싱 등금융사기의피해를 미리 방지하기위하여 서민금융 지킴이 - 00호 의 형태로 지속적으로 보도할 예정 2 유의 및 당부사항  금융감독원은 특정 전화번호를 통해 불특정 다수에게 금융 거래정보를 요구하는 메시지를 발신하지 않으며, 이는 100% 보이스피싱 사기에 해당되므로 절대 응하지 말 것 (☞ 대처방법) 사기범들은 대포폰 등 범죄목적으로 개통된 또 다른 전화번호로 유사한 내용의 사기전화를 발신할 가능성이 높음 → 스팸차단, 공공기관 사칭 전화번호에 대한 차단요청 등을 담당하는 한국 인터넷진흥원(KISA, 신고전화 118)으로 신고할 것 * 3.10일 현재까지 알려진 전화번호(070-8074-7597, 070-8074-7598)는 경찰청(신고전화 112)으로 신고 완료되었음  문자메시지상 출처가 불분명한 수신 전화번호 각별히 주의 ◦ 공공기관을 사칭, 각종 전자금융사기 예방 등을 빙자하여 전화를 유도할 경우에도 반드시 출처를 확인해야 함 - 2 -  (사기 메시지 - 실제 사례) - 3 -",scenario,pdf,20150420,서민금융지원국,[]
text_027_20241113,"^1.^2.^3)^4)(^5)(^6)^7^8 □ 택배기사-카드회사-금융감독원-검사를 사칭한 보이스피싱사기 수법사기범 일당은 각각 택배기사, 카드사 직원, 금융감독원 직원, 검사를 사칭하여 순차적으로 피해자를 기망하여 피해금 편취1. 사기범1은 택배 기사를 사칭하여 전화로 피해자를 기망*   * 카드가 배송 중인데 집에 있는지, 주소가 맞는지 등을 확인하는 취지로 통화†를 시작하여 피해자가 카드 발급 사실이 없다고 하면 카드사 담당자(사기범2) 번호를 알려줌    † 사기범은 피해자의 생년월일과 이름, 전화번호를 파악하고 있었으며, 주소 확인 시 잘못된 주소를 부르는 경우도 존재(사기범1은 주소만 물어보고 끊는 경우도 있음)2. 택배 기사를 사칭한 사기범이 알려준 번호로 전화하면 카드사 직원을 사칭하는 사기범이 전화를 받아 명의도용이 의심되니 금융감독원에 신고하도록 안내3. 사기범3은 금융감독원 직원을 사칭하여 피해자의 정보가 범죄에 연루되었으니 검찰청 검사에게 협조하도록 안내4. 검찰청 검사를 사칭한 사기범4는 수사를 빌미로 피해자를 협박*1하거나 자금 송금 유도*2   *1 고압적인 자세로 피해자를 압박하여 피해자가 사기범3에게 의지하도록 유도하고 사기범3은 피해자를 도와주는 척하며 송금 유도   *2 자산보호, 범죄수익 여부 검사 등을 빌미로 지정하는 계좌에 금액 이체 지시□ 개인정보 제공 및 자금 이체 요청은 무조건 거절하세요 ◦ 정부기관 및 제도권 금융회사는 전화‧문자를 통한 개인정보 제공, 자금 송금 등을 절대 요구하지 않음   ※ 사기범들이 사칭한 기관에 전화를 걸어 확인시 해당 직원이 있는지 확인하는 것이 아닌, 요구한 사실 등의 내용으로 확인을 하는 것이 필요. (사기범들이 실제 해당 기관에 근무중인 직원을 사칭하여 사기에 이용하는 경우도 발생 중)□ 앱 설치 등의 요구에 응하지 마세요 ◦ 악성앱을 설치할 경우 개인정보 노출 및 통화 탈취의 위험이 존재   ※ 사실확인을 위해 해당 기관에 전화를 걸어도 사기범에게 연결될 수 있음 falsefalse0000100100",scenario,hwpx,20241113,금융사기대응단,[]
text_028_20240718,"^1.^2.^3)^4)(^5)(^6)^7^8 □ 금융회사-금융감독원-검사를 사칭한 보이스피싱사기 수법1. 사기범은 카드사 등 금융회사를 사칭하여 피해자의 핸드폰으로 카드 발급 또는 해외결제가 발생했음을 알린 후 본인 아닐 경우 확인토록 요청2. 금융회사 직원(사기범1)은 사실 확인을 위해 전화한 피해자가 본인의 거래가 아님을 주장할 경우 사고 신고를 위해 금융감독원으로 전화하도록 안내3. 금감원 직원(사기범2)는 피해자의 정보가 범죄에 연루되었음을 확인해주며 검찰청 검사에게 전화하도록 유도4. 검찰청 검사(사기범3)은 자산보호를 위해 지정한 계좌로 돈을 송금할 것을 유도하여 피해금 편취□ 개인정보 제공 및 자금 이체 요청은 무조건 거절하세요 ◦ 정부기관 및 제도권 금융회사는 전화‧문자를 통한 개인정보 제공, 자금 송금 등을 절대 요구하지 않음   ※ 사기범들이 사칭한 기관에 전화를 걸어 확인시 해당 직원이 있는지 확인하는 것이 아닌, 요구한 사실 등의 내용으로 확인을 하는 것이 필요.(사기범들이 실재하는 직원의 이름을 사칭하여 사기에 이용하는 경우도 발생중)□ 앱 설치 등의 요구에 응하지 마세요 ◦ 악성앱을 설치할 경우 개인정보 노출 및 통화 탈취의 위험이 존재   ※ 사실확인을 위해 해당 기관에 전화를 걸어도 사기범에게 연결될 수 있음 falsefalse0000100100",scenario,hwpx,20240718,금융사기대응단,[]
text_029_20240426,"^1.^2.^3)^4)(^5)(^6)^7^8 □ 민원24 사칭 음식물쓰레기 무단투기 과태료 사전고지서 등사기범은 “[민원24] 음식물쓰레기 미분리 신고대상입니다. 민원영상 및 과태료 사전통지서 확인. &lt;go9.co/UCW&gt;”의 내용으로 피해자에게 문자 발송피해자는 해당 내용을 확인하기 위해 불상의 링크를 클릭하였고, 악성앱이 설치되어, 갤러리에 저장 중이었던 신분증 등 개인정보가 유출됨사기범은 피해자 명의로 휴대전화를 개설하여 약 100만원의 휴대전화 소액결제 및 200만원 가량을 무단이체하여 약 300만원 가량의 금액을 편취 [소비자 유의사항]  그림입니다. 원본 그림의 이름: CLP00002a800002.bmp 원본 그림의 크기: 가로 445pixel, 세로 215pixel문자메시지 내 출처가 불분명한 URL주소는 클릭하지 말고 바로 삭제하세요. 그림입니다. 원본 그림의 이름: CLP00002a800002.bmp 원본 그림의 크기: 가로 445pixel, 세로 215pixel문자메시지 발신인을 반드시 확인하세요. 그림입니다. 원본 그림의 이름: CLP00002a800002.bmp 원본 그림의 크기: 가로 445pixel, 세로 215pixel악성앱을 설치했다면 ①모바일 백신앱(최신 버전)으로 검사 후 삭제하고,    ②데이터 백업 후 휴대폰을 초기화하고, ③휴대폰 서비스센터 AS를 요청하세요. 그림입니다. 원본 그림의 이름: CLP00002a800002.bmp 원본 그림의 크기: 가로 445pixel, 세로 215pixel자금이체 등 피해가 발생한 경우 금융회사 콜센터 또는 전기통신금융사기 통합신고센터(☎112)에 즉시 전화하여 지급정지를 요청하고 피해구제를 신청하세요. 그림입니다. 원본 그림의 이름: CLP00002a800002.bmp 원본 그림의 크기: 가로 445pixel, 세로 215pixel휴대폰에는 절대 개인정보를 저장하지 마세요.붙임1 정부기관 사칭 스미싱 문자 예시그림입니다. 원본 그림의 이름: CLP000019840004.bmp 원본 그림의 크기: 가로 268pixel, 세로 466pixel그림입니다. 원본 그림의 이름: CLP000019840003.bmp 원본 그림의 크기: 가로 267pixel, 세로 462pixel악성앱 설치 유도 url을 포함붙임2 보이스피싱 피해 발생시 금융소비자 대응요령그림입니다. 원본 그림의 이름: CLP0000359c0001.bmp 원본 그림의 크기: 가로 643pixel, 세로 633pixel□(지급정지) 계좌이체 등 금전피해 발생시 보이스피싱 통합신고･대응센터(☎112) 또는 금융회사 콜센터로 지체없이 신고하여 계좌 지급정지  ◦(내계좌 통합관리)「계좌정보 통합관리서비스(0http\://www.payinfo.or.kr)을;1;0;0;http://www.payinfo.or.kr)을HWPHYPERLINK_TYPE_URLHWPHYPERLINK_TARGET_BOOKMARKHWPHYPERLINK_JUMP_CURRENTTABwww.payinfo.or.kr)」에서 본인 모르게 개설된 계좌 또는 대출을 확인하여 명의도용 여부 확인 ◦(개인정보 노출등록) 개인정보가 노출된 경우 「파인」에서 ‘개인정보노출자*’로 등록하여 신규계좌 개설, 신용카드 발급 등 제한     * 금융소비자정보포털 「파인(fine.fss.or.kr)」&gt;신고･상담･자문서비스&gt;개인정보 노출 등록･해제 또는 개인정보노출자 사고예방시스템(pd.fss.or.kr)에서 등록 가능 ◦(휴대폰 명의도용 방지) 「명의도용 방지서비스(www.msafer.or.kr)」를 통해 본인 모르게 개통된 휴대폰을 조회하거나 추가개통 차단□ (악성앱 삭제) 문자 내 웹 주소를 클릭하여 악성 앱이 설치되었다면 즉시 관련 앱을 삭제하고 모바일 백신 프로그램을(V3, 알약 등) 통해 상태 검사 ◦ (휴대전화 초기화) 휴대전화를 초기화하여 악성 프로그램을 완벽하게 삭제(초기화 전까지 휴대전화 전원을 끄거나 비행기모드로 전환*)      * 이에 따라 피해 발생 후 대응은 다른 휴대전화나 PC 사용을 권장 ◦ (폐기 및 해지) 휴대전화에 신용카드, 신분증 사진, 공인인증서 등이 저장되어 있었다면 공인인증서 폐기, 신용카드 해지, 계좌 비밀번호 변경 등을 실시하고 경찰서에 신분증 분실 신고 ◦ (소액결제 확인) 통신사 고객센터를 통해 모바일 소액결제 내역을 확인하고 추가피해 예방을 위해 소액결제를 차단□ (경찰신고) 개인정보 유출, 금전 피해 등 발생시 경찰서에서 사건사고사실확인원을 발급받고 지급정지를 신청한 금융회사 영업점에 피해구제 신청 falsefalse0000100100",scenario,hwpx,20240426,금융사기대응단,[]
text_030_20240126,"^1.^2.^3)^4)(^5)(^6)^7^8 □ 모바일 부고장피해자는 24년 1월 1일경 지인을 사칭한 사기범으로부터 url이 포함된 부고장 문자 메시지를 수신하여 해당 링크를 클릭피해자의 휴대폰에는 악성앱이 설치되었고 피해자의 휴대폰에 저장되어 있던 계좌번호, 계좌 비밀번호, otp번호 및 개인정보를 탈취피해자의 명의로 핸드폰을 개통한 사기범은 피해자의 계좌에서 총 24회에 걸쳐 약 1억 3천만원을 편취 [소비자 유의사항]  그림입니다. 원본 그림의 이름: CLP00002a800002.bmp 원본 그림의 크기: 가로 445pixel, 세로 215pixel문자메시지 내 출처가 불분명한 URL주소는 클릭하지 말고 바로 삭제하세요. 그림입니다. 원본 그림의 이름: CLP00002a800002.bmp 원본 그림의 크기: 가로 445pixel, 세로 215pixel악성앱을 설치했다면 ①모바일 백신앱(최신 버전)으로 검사 후 삭제하고,    ②데이터 백업 후 휴대폰을 초기화하고, ③휴대폰 서비스센터 AS를 요청하세요. 그림입니다. 원본 그림의 이름: CLP00002a800002.bmp 원본 그림의 크기: 가로 445pixel, 세로 215pixel자금이체 등 피해가 발생한 경우 금융회사 콜센터 또는 보이스피싱 신고(☎112)에 즉시 전화하여 지급정지를 요청하고 피해구제를 신청하세요. 그림입니다. 원본 그림의 이름: CLP00002a800002.bmp 원본 그림의 크기: 가로 445pixel, 세로 215pixel휴대폰에는 절대 개인정보를 저장하지 마세요. falsefalse0000100100",scenario,hwpx,20240126,금융사기대응단,[]
text_031_20240126,"^1.^2.^3)^4)(^5)(^6)^7^8 □ 유튜브 대환대출 간편신청 광고피해자는 유튜브에서 정부 대환대출 광고를 보고 간편신청을 통해 개인정보 및 기존 대출 내역 등 단순 정보를 입력금융회사 직원을 사칭한 사기범은 정부지원 대출을 가장하여 피해자를 기망후 신규 대출 신청서를 작성하게 유도기망 과정에서 기존 피해자의 대출 내역을 확인한 사기범 일당은 피해자의 기존 대출이 있는 금융회사 직원을 사칭하여 피해자가 금융거래법 등을 위반하였다며 피해자를 압박하여 기존 대출 상환을 요구이에 속은 피해자는 기존 대출을 상환하는 것으로 오인하여 사기범이 지정한 계좌에 피해금액을 송금□ 개인정보 제공 및 자금 이체 요청은 무조건 거절하세요 ◦ 정부기관 및 제도권 금융회사는 전화‧문자를 통한 광고, 개인정보 제공, 자금 송금 등을 절대 요구하지 않음   ※ 금융회사가 기존 대출 고객을 대상으로 만기연장 등 대출관련 정보 문자를 발송하는 경우는 있으나, 불특정 다수에게 대출 안내‧광고 문자를 무작위로 발송하지는 않음□ 정부지원 대출 가능 여부는 제도권 금융회사에 직접 문의하세요 ◦ 대출을 빙자한 개인정보 요구, 기존대출 상환 및 신용등급 상향을 위한 자금 이체 요구는 보이스피싱으로 의심 falsefalse0000100100",scenario,hwpx,20240126,금융사기대응단,[]
text_032_20240126,"^1.^2.^3)^4)(^5)(^6)^7^8 □ 교통 범칙금 통보 문자 스미싱사기범은 ’23년 9월 피해자에게 ‘교통범칙금통보’란 제목으로 악성앱이 설치되는 url을 포함한 문자 메시지를 송부교통범칙금이 통보된 것으로 안 피해자가 내역을 확인하기 위해 url을 클릭하였으나 핸드폰에 악성앱이 설치됨피해자의 휴대폰 앨범에는 신분증 등 개인정보가 저장되어 있었고 사기범은 피해자의 개인정보를 탈취하여 4차례에 걸쳐 약 3천 5백만원의 금액을 편취 [소비자 유의사항]  그림입니다. 원본 그림의 이름: CLP00002a800002.bmp 원본 그림의 크기: 가로 445pixel, 세로 215pixel문자메시지 내 출처가 불분명한 URL주소는 클릭하지 말고 바로 삭제하세요. 그림입니다. 원본 그림의 이름: CLP00002a800002.bmp 원본 그림의 크기: 가로 445pixel, 세로 215pixel악성앱을 설치했다면 ①모바일 백신앱(최신 버전)으로 검사 후 삭제하고,    ②데이터 백업 후 휴대폰을 초기화하고, ③휴대폰 서비스센터 AS를 요청하세요. 그림입니다. 원본 그림의 이름: CLP00002a800002.bmp 원본 그림의 크기: 가로 445pixel, 세로 215pixel자금이체 등 피해가 발생한 경우 금융회사 콜센터 또는 보이스피싱 신고(☎112)에 즉시 전화하여 지급정지를 요청하고 피해구제를 신청하세요. 그림입니다. 원본 그림의 이름: CLP00002a800002.bmp 원본 그림의 크기: 가로 445pixel, 세로 215pixel휴대폰에는 절대 개인정보를 저장하지 마세요. falsefalse0000100100",scenario,hwpx,20240126,금융사기대응단,[]
text_033_20230825,"^1.^2.^3)^4)(^5)(^6)^7^8 최초접근방법 : 전화피해자 연령 : 50대피해자 성별 : 여사기유형 : 기관사칭(방역지원금)6.5. 14:30경 피의자는 피해자가 운영하는 식당으로 전화를 걸어 “창녕군 환경위생과 담당인데, 코로나 확진자가 식당에 방문하여 방역이 필요한데, 장사를 못하는 비용으로 군에서 지원금 70만원을 지급해주겠다. 신용카드와 신분증 사진을 카카오톡으로 보내달라”고 하였다.피해자가 신용카드와 신분증 사진을 보내주자, 피의자는 피해자의 계좌에서 총 1,700만원을 인출하여 재산상이 이익을 취하였음",scenario,hwpx,20230825,금융사기전담대응단,[]
text_034_20230825,^1.^2.^3)^4)(^5)(^6)^7^8 최초접근방법 : 전화피해자 연령 : 20대피해자 성별 : 남사기유형 : 기관사칭피의자는 6.20. 10:00경 중국공안국 상하이 푸동공안국 직원을 사칭하여 피해자에게 국제전화로 전화를 걸어 ‘개인정보 유출 범죄에 연루되어 중국공안국에 출석하여 몇 개월 간 조사를 받아야하며 보석금 100만원을 한국 금융감독원이 지정하는 계좌로 보내면 중국에 소환되지 않을 수 있다고 피해자를 기망하였다.이에 속은 피해자로부터 같은날 100만원을 계좌이체로 교부받아 편취하였다.,scenario,hwpx,20230825,금융사기전담대응단,[]
text_035_20230825,"^1.^2.^3)^4)(^5)(^6)^7^8 최초접근 방법 : 인터넷 광고피해자 성별 : n/a피해자 연령 : n/a사기 유형 : 기관사칭(금융회사를 사칭하여 소상공인을 인출책으로 이용)소규모 프랜차이즈 가맹점을 운영하는 피해자는 대출이 필요하여 불법 대출광고 홈페이지의 간편 상담코너에 개인정보를 입력하였고,이후 사기범이 전화하여 ‘카드거래 실적이 많으면 대출한도가 늘어나니 체크카드를 발급하고 단기간 고액 거래가 가능한 상품권 구매를 하라’고 권유하였음피해자는 상품권 대금은 사기범이 입금할 것이라는 말에 속아 카드 결제 계좌번호를 사기범에게 알려주었고, 상품권을 구매하여 사기범이 지정한 인물에게 전달하였으나 이후 다른 피해자(사기범이 다른 쪽에서 작업 중이던 보이스피싱 피해자임)의 피해구제 신청으로 계좌가 지급정지되고 전자금융거래가 제한되면서 사업 운영에 어려움을 겪음",scenario,hwpx,20230825,금융사기전담대응단,[]
text_036_20230825,^1.^2.^3)^4)(^5)(^6)^7^8 최초접근방법 : 전화피해자 연령 : 20대피해자 성별 : 남사기 유형 : 검사사칭피의자는 5.24. 12:51경부터 16:00까지 피해자에게 전화를 하여 서울중앙지검 김수진 검사를 사칭한 후 범인이 피해자 명의의 계좌를 사용했는데 범죄에 가담이 되지 않았다는 것을 입증하기 위해서는 피해자 명의의 계좌에서 일정 금액 송금 및 상품권 구매 등이 필요하다고 하여이에 속은 피해자가 피해자 명의의 계좌에서 130만원을 송금하고 컬쳐랜드상품권과 신세계상품권 200만원 상당을 구입하여 카카오톡을 이용하여 이를 교부하여 피의자는 재산상 이익을 취득,scenario,hwpx,20230825,금융사기전담대응단,[]
text_037_20230825,"^1.^2.^3)^4)(^5)(^6)^7^8 최초접근방법 : 문자피해자 연령 : 50대피해자 성별 : 여사기 유형 : 지인사칭(자녀)피의자는 5.31. 18시경 주거지에 있는 피해자에게 피해자의 아들을 사칭하면서 문자로 휴대전화가 고장났다고 연락하였고, 이어서 카카오톡 대화로 피해자에게 가족 명의로 휴대폰 보험 신청을 해야한다며 피해자의 신분증 사진, 계좌번호, 비밀번호를 전송받고 이어서 원격제어어플 팀뷰어를 설치하도록 유도하였다.그러나 사실 피의자는 피해자의 아들이 아니었고 피해자로부터 받은 개인정보 및 금융정보를 이용하여 재물을 취득할 의사였다.피의자는 권한 없이 타인의 정보를 입력하여 정보처리를 하여 79,370,500원을 송금받아 재산상 이익을 취하였다.",scenario,hwpx,20230825,금융사기전담대응단,[]
text_038_20230825,"^1.^2.^3)^4)(^5)(^6)^7^8 최초접근방법 : 문자피해자 연령 : 50대피해자 성별 : 남사기 유형 : 메신저피싱피의자는 피해자에게 7.31. 19:16경 ‘상품을 배송했습니다. 확인부탁합니다’라는 문구와 URL 주소 링크가 적힌 피싱 문자를 보내 피해자가 위 링크를 누르게 하여 피해자의 휴대전화에 악성 어플을 설치한 뒤 피해자의 운전면허증 사진과 공인인증서 등을 이용하여 피해자의 휴대전화번호를 번호이동하고 피해자 명의의 신규 휴대전화를 개통하였음이어 피의자는 8.1. 11:35경부터 8.4. 14:07경까지 피해자 명의로 199,832,128원의 대출을 받아 피해자 명의의 계좌에서 온라인 결제 또는 제3자 명의의 계좌로 송금하는 방법으로 총 206,150,992원의 재산상 이익을 취득함",scenario,hwpx,20230825,금융사기전담대응단,[]
text_039_20230825,"^1.^2.^3)^4)(^5)(^6)^7^8 최초접근방법 : 문자피해자 연령 : 60대피해자 성별 : 남사기 유형 : 메신저피싱피의자는 7.27. 피해자에게 ‘모바일 청첩장’ 형식의 악성앱 설치를 유도하는 URL을 전송하여 피해자가 해당 URL을 통해 악성앱을 설치하자, 해당 악성앱을 이용하여 7.27. 피해자 명의로 대출을 받는 등 부정한 명령을 입력하고 권한 없이 정보를 입력·변경하여 정보처리를 하게 함으로써 여러 차례 입출금 등을 이용하여 8,500만원 상당의 재산상의 이익을 취득하였다.",scenario,hwpx,20230825,금융사기전담대응단,[]
text_040_20230825,"^1.^2.^3)^4)(^5)(^6)^7^8 최초접근방법 : 전화피해자 연령 : 50대피해자 성별 : 남사기 유형 : 정부 지원 저금리 대출, 대환대출피진정인은 5.16. 10:35 경 1811-8551 번호로 피해자에게 전화를 하여 “OO은행 김민정 대리입니다. 정부지원 저금리 대출이 가능합니다. 고정금리 5.8%에 최대 5,800만원까지 대출이 가능합니다. 카카오톡으로 보내주는 어플을 설치하여 대출신청서를 작성하면 신청이 완료됩니다”라고 말하며 피해자에게 카카오톡으로 APK파일을 전송하였다.피해자는 위 어플을 설치하고 대출신청서를 작성하였고, 피진정인은 다시 한 번 OO저축은행 직원을 사칭하여 전화를 해서 “우리 OO은행에 대출이 있는데 신규대출을 진행하면 금융업법 위반이다. 지급정지를 걸었으니 이를 풀고 싶으면 우리에게 대출금을 상환하라”고 말하였다.피진정인은 위와 같은 방법으로 피해자를 기망하여 피해자로부터 기존 대출금 상황 명목으로 3,000만원을 갈취하였다.",scenario,hwpx,20230825,금융사기전담대응단,[]
text_041_20230825,"^1.^2.^3)^4)(^5)(^6)^7^8 최초접근방법 : 전화피해자 연령 : 40대피해자 성별 : 남사기 유형 : 기관사칭형(대환대출)성명불상 피의자는 7.20. 피해자에게 전화로 서민금융진흥원 직원을 사칭하며 저금리로 대환대출을 해주겠다고 속여 대출을 진행하게 한 후 재차 기존 대출은행인 OO저축은행 직원을 사칭하며 기존 대출금이 있는 상태에서 대환대출을 계약 위반으로 기존 대출금을 상환해야 대출이 가능하다고 속였다.피의자는 이와 같이 피해자를 속여 이에 속은 피해자로부터 7.21.부터 총 5회에 걸쳐 피해자 명의 계좌에서 1,100만원을 교부받았다.",scenario,hwpx,20230825,금융사기전담대응단,[]
text_084_20230825,"^1.^2.^3)^4)(^5)(^6)^7^8 최초접근방법 : 문자(카카오톡)피해자 연령 : 30대피해자 성별 : 남사기유형 : 기관사칭(병원)피의자는 OO병원 관계자를 사칭하여 2022.8.10. 12:00경 피해자에게 카카오톡 대화방식으로 ‘OO병원인데 어머니가 쓰러지셔서 응급실에 입원중이다. 병원비가 입금이 안되어 치료를 못하고 있다’라는 취지로 거짓말하였다.그러나 사실 피의자는 OO병원 직원이 아니었고, 피해자를 기망하여 이에 속은 피해자로부터 2022.8.10. 피해자의 어머니 명의 계좌에서 총 500만원을 이체받아 재산상 이익을 취하였다.",scenario,hwpx,20230825,금융사기전담대응단,[]
text_001_20170421,"1. 피해사례  □  ‘지하철 택배 아르바이트’ 사례    ◦ 사기범은 생활정보지에 현금 및 귀금속을 배달하는 지하철 택배 기사를 모집한다고 광고하여 구직자(A씨)를 채용    ◦ A씨 계좌로 돈(보이스피싱 피해금)을 입금시킨 후 현금으로 찾아 지하철역에서 사기범에게 전달토록 기망    □ ‘경매대행 현장조사 아르바이트’ 사례    ◦ 사기범은 경매대행업체를 사칭, 아르바이트*를 모집한다고 불특정 다수에게 문자메시지 발송하여 구직자(B씨)를 채용      * 경매 의뢰인의 경매대금을 회사에서 대납해주면, 낙찰 받은 후 경매대금과 컨설팅 수수료를 B씨가 지급받아 회사로 전달하는 업무    ◦ B씨 계좌로 돈(보이스피싱 피해금)을 입금시킨 후 현금으로 찾아사기범에게 전달토록 기망    □ ‘인터넷 쇼핑몰 관리자 아르바이트’ 사례    ◦ 사기범은 구직사이트에 인터넷 쇼핑몰 자금 관리를 담당하는 아르바이트*를 모집한다고 광고하여 구직자(C씨)를 채용      * C씨 계좌에 판매대금이 입금되면 회사가 지정한 계좌로 이체하는 업무    ◦ C씨 계좌로 돈(보이스피싱 피해금)을 입금시킨 후 인출 또는 사기범이 확보한 여러 개의 대포통장으로 이체토록 기망  2. 유의사항  □ 인터넷 구직사이트, 생활정보지 등에서 구직를 탐색하는 경우 정상업체가 맞는지 직접 방문 등을 통해 꼼꼼히 따져봐야 함   □ 사기범은 현금 전달 이유가 세금절감 목적이며, 통장을 양도하는 것이 아니기 때문에 불법이 아니라고 기망하나,    ◦ 통장 양도 뿐만 아니라 본인의 계좌에서 자금을 대신 인출해 준 사람도 민‧형사상 책임이 따를 수 있으며,    ◦ 또한, 대포통장 명의인이 된 후 “금융질서문란행위자”로 등록되면 각종 금융거래가 제한*되므로 각별한 유의 필요        * 신규 계좌 개설 거절, 인터넷뱅킹․ATM기 이용 등 비대면거래 제한, 신규대출 거절 및 신용카드 이용한도 축소 등",scenario,text,20170421,불법금융대응단,[]
text_002_20160603,"피해자로 하여금 대검찰청 공식 홈페이지에 접속하게 하여 검찰 직원으로 믿게 하고 돈을 편취하는 신종 보이스피싱 피해 사례가 발생하였습니다.   그동안 검찰 사칭 보이스피싱은 사기범이 미리 만들어 놓은 대검찰청 피싱사이트로 피해자를 유도하는 수법이었으나, 이에 대한 금융소비자들의 대처능력이 강화되자 이번에는 대담하게도 대검찰청 공식 홈페이지로 접속하게 한 것입니다.   사기범은 서울중앙지방검찰청 수사관을 사칭하여, 피해자 L씨에게 현재 조사 중인 사건 범죄에 연루되어 있으니 형사처벌을 면하기 위해서는 대검찰청 홈페이지에 접속하여 소명할 것을 요구하였습니다.   L씨는 공식 “대검찰청 홈페이지(www.spo.go.kr) > 온라인민원실 > 범죄신고”에 접속하여, 자신이 범죄에 연루되지 않았다는 내용으로 신고하였습니다. 범죄신고 홈페이지에 범죄신고시 민원신청번호가 자동으로 부여되어 피해자에게 문자로 전송되는데*  *예) 1AA(인터넷, 서면, 방문접수 등 구분)-1605(신고날짜)-150108(일련번호)   사기범은 민원신청번호에 앞에 3자리는 특별사건 번호이고, 1605는 범죄신고 일자, 마지막 번호들은 피해자 사건번호라고 거짓 설명하여 L씨로 하여금 자신을 검찰공무원임을 믿게 하였습니다.   또한 사기범은 L씨 명의 계좌에 있는 돈이 위험에 노출되어 있으니, 사건이 끝날 때까지 oo은행 계좌에 보관하여 안전조치를 하겠다며 자금이체를 요구하였습니다. 사기범의 말에 속은 L씨가 피해금을 사기범의 계좌로 송금하자, 사기범은 해당 사건은 철저히 비밀리 조사하고 있으니 은행 또는 경찰에 절대 누설해서는 안되며, 누설할 경우 또 다른 피해자가 발생할 뿐만 아니라 비밀누설죄로 처벌될 수 있다며 L씨를 현혹한 후 L씨가 송금한 피해금 전액을 인출하여 잠적했습니다.  검찰·경찰·금감원 등 정부기관은 어떠한 경우에도 전화상으로 자금의 이체 또는 개인의 금융거래정보를 요구하지 않습니다.   이러한 전화를 받은 경우 전화를 끊고 해당 기관으로 전화하여 반드시 사실여부를 확인하시기 바랍니다.",scenario,text,20160603,불법금융대응단,[]
text_003_20160523,"다음은 검찰 수사관 사칭 보이스피싱 실제 통화내용을 재구성한 것입니다.     검찰 수사관을 사칭한 사기범이 피해자에게 전화를 걸었습니다.  ""서울중앙지방검찰청 *****팀 ㅇㅇㅇ수사관입니다. 이런 전화 받으셔서 당황스럽겠지만, 금융사기에 연루되셨습니다.""  ""전화 받으시는 분은 현재 직장인입니까?""     ""네"" ""최근에 휴대폰, 지갑 등을 분실한 적이 있으십니까?""      ""아니요.."" ""ㅁㅁ에 사는 김ㅇㅇ씨를 아십니까?""      ""아니요..""  ""해당 사건 진행을 위해 담당 검사님을 연결해드리겠습니다. 사건번호는 2016-조사-1234-.... 입니다.""   ""안녕하십니까. ㅇㅇㅇ 검사입니다. 수사관님께 설명 잘 들으셨죠?"" ""그럼 본격적으로 수사 들어가겠습니다. ~~~법에 의거하여 기밀보안 유지에 동의해주셔야 합니다. 동의합니까?"" ""지금부터 녹취에 들어갑니다. 본인은 지금 이 사항을 주변 사람들에게 절대 알려서는 안됩니다. 녹취를 위해 조용한 곳으로 이동해주시겠습니까?""  ""이번 사건은 대형 금융범죄입니다. 피해자가 200명이 넘고 10명 이상이 범죄에 가담하였습니다. 그 중 xxx씨께서 이 사건에 연루된것입니다."" ""서울 영등포구에 있는 농협, 국민은행에서 대포통장이 개설되었습니다. 이 사실을 알고계셨습니까?""   ""전혀 모르고 있었어요.."" ""휴대폰 바꾼지는 얼마나 되셨나요?""    ""작년 0월이요.."" ""이후에 분실하신 적은 없으신가요?""    ""네 없어요.."" ""그럼 xxx씨도 피해자 신분이니 피해자 입증을 위해 협조 부탁드리겠습니다""  ""협조가 끝날때까지 녹취되며, 협조에 응하지 않을시에 강압 수사가 이루어져 경찰에 출두하셔야 합니다. 강압수사는 총 3~4개월이 걸리고 경찰에 약 5번 출두하셔야 합니다. 그 기간에 계좌이용은 불가능하며 해외출장도 불가능합니다"" ""그러나 협조수사는 2~3시간이면 가능하고, 피해자께서 피해자 신분임을 확인해주시면 이후 경찰 출두할 필요가 없으며 용의선상에서 벗어나게 됩니다.""  ""저희는 xxx씨의 피해자 신분을 확인하면 용의선상에서 제외시킬 것입니다. 이와 관련하여 생긴 지출경비 등은 보상센터에서 따로 돈을 지급해드립니다. 협조수사에 동의하시겠습니까?""   ""네.. ""   ""본인은 통장을 몇 개 가지고 계신가요?""       ""ㅇㅇ은행, xx은행, ㅁㅁ은행이요.."" ""각각의 개수와 금액도 알려주세요. 지금 금융감독원과 연락하여 보안등급을 높여드리려고 합니다. ""ㅇㅇ은행 --개, xx은행 --개, ㅁㅁ은행 --개 있고, 각각 ~~원, ~~원씩.. 있어요..  그리고 생각해보니 ㅅㅅ통장에 정기예금 ~~원이 더 있어요"" ""그럼 ㅅㅅ통장에 있는 그 돈을 전부 ㅇㅇ은행으로 옮기셔야 합니다. 그 후 금융감독원에서 가상계좌를 하나 열어드릴 예정입니다""   ""포털사이트 검색창에 서울중앙지방검찰청을 치고 통합검색>첨단수사 들어가세요. 그 밑에 IP 보이십니까?"" ""안보이는데요...""   ""혹시 휴대폰 기종이 어떤것이죠?"" ""xxxx 입니다"" ""xxxx는 호환이 안되어서 어렵다고 하네요. 제가 IP 불러드릴테니 직접 로그인하세요"" ""그래도 안되는데요?"" ""지금 지역이 어디십니까?"" ""ㅇㅇㅇㅇ 입니다."" ""거기서 가장 가까운 ㅅㅅ금융회사 지점이 어딘가요?"" ""~~~에 있습니다."" ""그럼 택시타고 그쪽으로 바로 이동하십시오. 비용은 경찰청에서 지원해드립니다. 타고 내리실때 택시 영수증 꼭 챙기시고 후에 비용 청구해주시면 됩니다. 공문은 점심시간 끝나고 바로 발송해드리겠습니다.""  피해자는 택시를 타고 ㅅㅅ금융회사 지점으로 방문하였습니다.  ""아시겠지만 이번 사건은 제1금융권 직원들이 연루된 사건입니다. 과장 직급의 김ㅇㅇ씨를 비롯하여 총 10명이 가담한 사건입니다. 저희는 직원들을 모두 잡기위하여 기밀 수사를 하는 것이고, 절대 은행 직원에게 이 사건을 발설해서는 안됩니다."" ""ㅅㅅ 통장 정기예금을 해지한 뒤 본인 ㅇㅇ은행 계좌에 모두 입금하세요. 갑자기 큰 돈을 찾는다고 하면 은행 직원이 의심할수도 있으니 보증금이라고 하세요""  그러나 ㅅㅅ금융회사에서는 통장을 개설한 지점이 아니면 해지를 할 수 없다고 하는 바람에 해지를 못했습니다.  ""해지가 안된다고 하는데요, 다음주에 해도 될까요?.."" ""수사가 빨리 이루어져야 하지만, 이렇게 택시까지 타고 은행에 와준것을 감안하여 다음주까지로 수사 기한을 연장해드리겠습니다. 그 이후에는 강압수사로 들어갈 수밖에 없습니다""   피해자는 집에 돌아온뒤 정신을 차리고 보이스피싱을 당했다는 것을 알았습니다. 다행히 금전적 피해를 입지는 않았지만, 실제 돈을 인출했다면 큰 피해를 입을 뻔했습니다.",scenario,text,20160523,불법금융대응단,[]
text_004_20160517,"제도권 금융회사 유사명칭('보람저축은행')을 불법으로 사용하여 홈페이지(http://www.boram-bank.com/)를 만들고, 이를 이용하여 대출사기를 시도하는 사례가 발생하였습니다.  사기범은, 현재 국내에 존재하지 않는 '보람저축은행'을 사칭하여 홈페이지를 만들고, 피해자에게 위 홈페이지를 보여주며 보람저축은행 직원을 사칭하였습니다.  사기범은 피해자에게 대출을 해주겠다며 보증금을 자신의 계좌로 입금할 것을 권유하였고, 이에 속은  피해자는 사기범의 계좌로 돈을 입금하였습니다. 또한 사기범은 피해자에게 거래실적이 필요하다고 하며 피해자의 계좌로 입금된 돈을 현금으로 인출하여 사기범의 계좌로 이체하라고 하여, 피해자를 인출책으로 이용하기도 하였습니다.  피해자는 사기범이 '보람저축은행'을 사칭하여 홈페이지를 운영하고, 홈페이지에 기재된 번호로 전화를 하면 사기범이 받아서 사기범을 믿지 않을 수 없었다고 합니다.  우리원에서는 '16.5월 방송통신심의위원회에 사기범을 금융회사 유사명칭 불법사용업자로 통보한바 있으나, 사기범은 'SC저축은행' 등 다른 금융회사 유사명칭을 사용하여 또다른 사기 범행을 저지를 가능성이 있습니다.  금융회사 유사명칭을 사용하여 대출을 권유하는 연락을 받을 경우 사기일 가능성이 많으므로, 반드시 금융감독원(☏ 1332) 등을 통하여 해당 금융회사가 실재하는지 여부를 확인하여야 합니다.",scenario,text,20160517,불법금융대응단,[]
text_005_20160517,"피해자 A씨는 아르바이트 구직 사이트를 통하여 콜럼비아 픽△△(유령회사)에 구직을 신청하였습니다.  그런데 합격자 중 한명이 사정으로 빠지게 되면서 A씨가 합격되었다며 회사에서 전화가 왔고, 회사에서는 급여계좌 등록 및 ID카드 등록을 위해 필요하다면서 거래은행 및 계좌번호를 알려달라고 했습니다.   그 다음에는 회사 보안상 체크카드를 이용해서 출입증을 만들기 때문에 체크카드와 비밀번호가 필요하다고 하며 체크카드를 택배로 보낼 것을 요구하였습니다.   A씨는 회사에서 시키는대로 체크카드를 택배로 보냈고, 그 이후 회사가 전화를 받지 않아 이상한 느낌이 들어 통장내역을 확인했더니 출처불명의 자금거래가 발생한 것을 알게 되었습니다. 그 자금은 보이스피싱 피해금이었고, 이미 피해자들이 A씨 계좌를 신고하였기 때문에 A씨는 대포통장 명의인으로 금융회사에 등록되었습니다.    정상적인 기업에서는 정식 채용 과정에서 계좌비밀번호(공인인증서, OTP 등) 및 체크카드의 양도를 절대 요구하지 않고, 급여계좌 등록은 실제로 취업한 후에 이루어지는 것으로, 등록을 위해서는 본인 명의 계좌번호만 알려주면 됩니다.  또한 구직자들은 취업을 위해 물색한 업체에 대해서 직접 방문하거나 인터넷 검색 등을 통하여 정상적인 업체인지 여부를 꼼꼼히 따져봐야 합니다. 본 사례의 콜럼비아 픽△△는 실제 존재하지 않는 유령회사였습니다.",scenario,text,20160517,불법금융대응단,[]
text_006_20160517,"구직자를 속여 직접 자금인출을 하도록 유도하는 사례가 발생하였습니다.     사기범은 ‘자동차 수출업’을 하는 무역회사를 빙자하여 구직자 A씨를 차량 딜러직으로 채용시켜 준다고 거짓으로 접근하였고, A씨에게 ‘차량구매금액 전액을 회사에서 지원해줄테니 A씨의 명의로 차량을 구매하여 회사로 명의 이전시 차량 수출 마진수익 명목으로 약 200만원을 지급하겠다’고 제안하였습니다.  A씨가 이를 수락하자, 사기범은 보이스피싱 피해금 3천5백만원을 A씨 계좌로 송금하였습니다.   A씨는 이 돈이 사기 피해금인것을 모르고 사기범의 요구대로 3천5백만원을 인출하였고, 사기범은 A씨에게 이 돈을 달라고 한 뒤 도주하였습니다. (A씨는 피해자의 신고로 인하여 대포통장 명의인으로 등록되었습니다)    대포통장과 피해금 인출책 확보가 어려워지자 선량한 사람을 속여 대포통장 명의인 및 인출책으로 이용하는 수법이니, 각별히 주의하여야 합니다.",scenario,text,20160517,불법금융대응단,[]
text_007_20160517,"‘16.3.12.부터 대포통장을 거래하거나 대출사기를 저지른 자 등은 금융질서문란행위자로 등록, 최장 12년간 금융거래시 불이익을 받게 되는 제도개선 내용을 범죄에 인용하는 사례가 발견되었습니다.   * 참고 : http://www.fss.or.kr/fss/kr/promo/bodobbs_view.jsp?seqno=19277&no=3&s_title=불법금융&s_kind=busoname&page=3    네이버 등 포털사이트에 접속하면 금융감독원을 사칭, “민생침해 5대 금융악을 척결하기 위한 특별대책” 문구를 사용하는 팝업을 띄워 파밍(Pharming) 사기를 유도하는 것으로, 접속하면 가짜 사이트로 연결되어 개인정보나 금융거래정보 등이 탈취됩니다.     <참고> 파밍(Pharming)이란?  ☞ 이메일 등을 통해 이용자의 PC를 악성코드에 감염시키고 가짜 사이트로 연결되게 하여 이를 통해 개인정보나 금융거래정보 등을 탈취하는 수법",scenario,text,20160517,불법금융대응단,[]
text_008_20160311,"최근 휴대전화 사기와 결합한 새로운 보이스피싱 수법이 등장했는데요.   사기범 일당은 ‘15. 5월 경 저축은행 대출상담사 윤모씨를 사칭하여 피해자 A씨에게 대출상담 전화를 걸었습니다.  이들은 A씨에게 ""연 10%의 이자로 수천만원을 대출해 줄테니 대출 심사를 위해 신분증 사진과 신용카드 번호, 유효기간, 비밀번호를 문자메시지로 보내달라""고 속여 개인정보를 불법 수집했습니다.  사기범 일당은 이렇게 얻은 개인정보로 휴대전화 판매 사이트에서 본인인증을 하고 A씨의 결제정보를 입력해 휴대전화를 구입했고, 이를 중고품 매매업자에게 되팔았습니다.     이들은 범행 추적을 막기위해 휴대전화를 받을 때 일반 가정집으로 물품을 배달시키고 택배기사에게 소화전 등 특정장소에 물품을 놓아두도록 한 뒤, 퀵서비스 기사를 가장해 현장에서 물품을 찾아오는 등 치밀한 모습을 보였습니다.   퀵서비스 기사로 일하다 서로 알게 되었다는 사기범 일당은 ""과거 퀵서비스 기사로 일할 때 의심스러운 배송이 많았는데, 그게 보이스피싱이라는 걸 알게 돼 쉽게 돈을 벌 욕심에 범행을 저질렀다""고 진술했습니다.   이들 사기범 일당은 개인정보를 수집하는 콜센터 담당과 휴대전화 수거·판매 담당으로 역할을 나눠 조직적으로 범행한 것으로 드러났습니다.      은행 계좌에 100만원 이상의 돈이 입금되면 30분 동안 이를 찾을 수 없도록 하는 지연인출제 도입으로 보이스피싱 범행이 어려워지자 사기범들이 위와 같이 새로운 수법으로 범행을 저지르고 있습니다.   신용카드로 일반 물품을 사면 곧바로 결제 문자메시지가 전송되지만,   휴대전화 대금 결제는 보통 한 달 뒤에나 이뤄져 피해자들이 한동안 피해를 알 수 없기 때문에, 피해 구제가 어려운 실정입니다.    이러한 피해를 미리 예방하기 위해서는 수상한 전화가 왔을 때 일일이 대응하지 말고 바로 전화를 끊어 버리시고, 혹시 사기범이 신분증 사진과 신용카드 번호, 유효기간, 비밀번호 등 개인정보를 요구하더라도 절대! 이에 응하지 말아야 합니다.",scenario,text,20160311,불법금융대응단,[]
text_009_20151103,"<각 불법금융광고행위와 관련한 피해 사례>    1. 예금통장 매매  ◦피해자(남, 30대 중반)는 '15.7월 중순경 ‘○○은행’ 직원을 사칭하는 자와 대출상담을 진행하던 중 대출을 받기 위해서는 거래실적이 있어야 한다고 하면서 이를 위해 본인의 통장으로 돈을 입금해주기로 함   ◦피해자는 사기범으로부터 2,000만원을 송금받아 다시 사기범이 지정한 계좌로 이체해 주었는데, 그 이후 사기범과 전화연결이 되지 않음   ◦그러나 위 2,000만원은 보이스피싱으로 인한 피해금이어서 피해자의 계좌는 다음날 지급정지 되었고, 현재 피해자는 전자금융거래법위반 혐의로 경찰서에서 조사를 받고 있음    2. 개인신용정보 매매   ◦피해자(여, 40대 초반)는 '15.6월경 ‘○○캐피털’ 직원을 사칭하는 자로부터 대출이 가능하다며 개인정보를 요청받자 주민등록번호 및 이름, 연락처, 인증번호를 알려줌   ◦피해자는 대출 진행경과를 기다리던 중 대출을 해주기로 한 직원이 연락이 되지 않자 금융감독원에 본인이 넘겨준 정보로 인해 발생가능한 피해에 대한 예방요령에 대해 문의   ◦가까운 은행영업점에서 개인정보노출자사고예방시스템 등록, 주민등록번호클린센터를 통한 개인정보 노출현황 확인, 인감증명 및 주민등록증 재발급 및 무료신용조회 서비스 등을 안내    3. 서류조작을 통한 작업대출   ◦피해자(남, 30대후반)는 '15.7월경 150만원 정도의 대출이 필요하여 인터넷으로 대출광고를 검색 하던 중 “즉시 대출 가능하다”는 광고가 있어서 전화를 하자 신용등급이 낮아서 대출이 안 되지만 작업대출을 해주겠다면서 만나자고 함  ◦이후 피해자는 작업대출업자와 만났는데, 작업대출업자는 모텔에서 작업을 하자고 피해자를 유인한 후 재직증명서를 위조하였고, 피해자를 협박하여 ○○저축은행 등 10곳에 위조한 재직증명서 등으로 대출신청하도록 함   ◦피해자는 같은 날 ○○저축은행 등 5곳에서 3,200만원을 대출받은 후 수수료로 1,800만원을 제외한 1,400만원만을 수령함   4. 휴대전화 소액결제대출   ◦피해자(여, 20대초반)는 ○○캐피탈로부터 `15.5월 초순경 핸드폰 문자로 “통신사와 제휴를 맺고 대출을 해준다”라는 광고를 보고 전화로 하였는데 휴대폰을 신규로 개통하여 보내주면 대출이 가능하다고 말하여 휴대폰을 개통한 후 보내주었음   ◦그러나 사기범은 피해자에게 신용조회기록이 많으니 위 기록의 삭제를 위한 비용을 보낼 것을 요구하였고, 피해자는 금융감독원에 제3자에게 제공한 휴대폰으로 인한 피해에 대한 예방요령을 문의   ◦이에 휴대폰 정지, 소액결제내역 확인 후 차단, 엠세이퍼(http://www.msafer.or.kr) 또는 직영점에서 이동전화 가입제한 서비스 등록 등을 안내    5. 미등록 대부업 영위   ◦피해자(여, 50대후반)는 ’13.4월경 미등록대부업체로부터 300만원을 빌리면서 수수료를 공제한 후 월 30만원 씩 14회 가량 납부하였음에도 불구하고 최근 대부업체에서 600만원을 추가로 납부하라고 요구를 받고 금융감독원에 납부의무의 존재여부 등에 대해 문의함   ◦미등록대부업체는 이자율제한법에 따라 법정최고이자는 연 30%이며 실제로 수령한 금액을 원금으로 하여 계산한 법정이자 및 원금을 초과하여 원리금을 납부하였기 때문에 더 이상 납부할 금액이 없으며 수사기관에 신고할 대상임을 안내",scenario,text,20151103,서민금융지원국,[]
text_010_20151103,"□ 최근 금융감독원을 사칭하면서 개인신용정보를 입력하라는 휴대폰 문자메세지(팝업창)이 불특정 다수에게 발송되고 있어 각별한 주의가 요망됨 (‘15.10.12. 이후 현재까지 22건)   ◦ 안내 팝업창의 ‘확인’을 누르면 금융감독원 명의의 긴급공지 화면이 나오는 피싱사이트로 유도되면서   ◦ 신용카드번호, 유효기간, 비밀번호, 공인인증서비밀번호, 이름, 주민등록번호 등을 입력하라고 요구   □ 사기범은 보이스피싱 등 각종 불법금융행위에 적극적으로 대응하고 있는 금융감독원을 사칭하였으며   ◦ 개인신용정보 유출 여부를 확인하고자 하는 금융소비자의 불안심리를 악용하여,   ◦ 개인신용정보를 입력하게 되면 마치 금융범죄를 예방할 수 있는 것처럼 휴대폰 사용자를 속인 것이 특징임   ※ 금융감독원 : 요즘 개인정보 유출로 많은 사건들이 발생하고 있습니다. 본인의 개인정보 유출 여부를 확인하시려면 금융감독원 홈페이지 소비자정보에서 확인하시기 바랍니다.",scenario,text,20151103,서민금융지원국,[]
text_011_20151008,"<대표적인 대출사기 유형>   1. 저금리 대출 전환을 미끼로 사기   ◦ 고금리 대출을 저금리로 전환해 주겠다며, 거래실적을 만들거나대출실행을 위해 수수료, 보증금, 통장과 현금카드 등을 요구    2. 신용등급 상향조정 명목으로 관련 비용 요구   ◦ 대출실행을 위해 신용등급 향상이 필요하며, 이를 위해 거래실적을 만들어 주겠다며 수수료, 통장과 현금카드 등을 요구    3. 공증료, 공탁금 등 법률비용 요구   ◦ 대출자의 신용상태 등으로 볼 때 대출실행을 위한 전제로 공증을 받아야 한다는 식으로 공증료 등을 요구    4. 대출알선을 미끼로 체크카드․통장․신분증사본, 금융거래정보(주민등록번호, 계좌번호 등)를 요구   ◦ 대출을 미끼로 통장 등을 편취하여, 보이스피싱이나 대출사기 등 금융사기에 활용*   * 본인의 통장이 금융사기에 이용되면 대포통장 명의인으로 등록되어 민․형사책임 및 다양한 금융거래불이익이 따를 수 있음    5. 공공기관 직원을 사칭한 대출 사기   ◦ 저신용자 대상 정책대출 상품이 있다며, 대출실행을 위해 수수료, 통장과 현금카드 등을 요구    6. 무인가 저축은행을 사칭한 대출 사기   ◦ 저축은행, 캐피탈 등 금융회사 직원을 사칭하며 금리우대 조건으로 대출가능하다며 수수료, 통장과 현금카드 등을 요구",scenario,text,20151008,서민금융지원국,[]
text_012_20151008,"<최근 발생한 피싱사기 유형>  1. 금감원 직원을 사칭하며 피해자가 직접 예금을 현금으로 인출하도록 한 후 편취  □ 금감원 직원을 사칭한 보이스피싱 사기범이 피해자가 직접 본인 예금을 현금으로 찾도록 유인한 후, 직접 피해자의 자택을 방문하거나, 지하철 물품 보관소 등에 예금을 보관하게 한 후 이를 편취하는 사례 발생   ◦ 또한, 금감원 직원을 사칭하며 개인정보 유출, 보안강화 등을 미끼로 전화나 피싱사이트 접속을 유도하는 스팸 문자메시지 사례도 발생하므로 주의 필요     <피해자 자택방문 보이스피싱 과정>       (1단계 : 피해자가 직접 예금을 현금으로 찾아오도록 유도) 사기범은 피해자의 신분증이 도용되어 즉시 금감원의 예금 안전조치가 필요하다며 예금을 전액 현금(4천만원)으로 인출하여 자택 냉장고에 보관토록 유도   (2단계 : 피해자의 예금을 가로채기 위해 피해자가 자택을 비우도록 유인) 사기범은 피해자에게 주민센터를 방문해 도용된 신분증을 재발급 받도록 하고, 금감원 직원이 자택을 방문해서 예금안전 조치를 할 수 있도록 자택 현관문을 잠그지 않도록 지시 → 피해자가 신분증 재발급을 위해 자택을 비운 사이, 사기범 일당이 자택에 침입해 냉장고속 예금(4천만원)을 가로채어 잠적함    2. 취업․아르바이트 등을 빙자하여 통장과 현금카드, 금융거래정보를 편취한 사례  □ 취업난, 여름방학 시즌 등 사회적 분위기를 이용, 사기범들은 교차로 등 생활지나 인터넷 구직사이트에 거짓 채용광고글을 개시한 후, 이를 보고 연락하는 구직자들에게 일자리 중개수수료, 월급 지급 등 명목으로 통장 및 현금카드 등을 요구   ◦ 사기범에게 양도한 통장 및 체크카드는 대포통장으로 사용되어, 구직자에게 민․형사책임 및 금융거래제한 등 큰 불편 초래   3. 최근 상거래용으로 사용하던 정상계좌가 금융사기에 이용되어 지급정지되는 사건이 다수 발생함   □ 동 수법은 금융사기 피해자에게 가로챈 자금을 상거래 계좌로 송금 후 구입물품 가격 및 송금액과의 차액을 가로채는 수법   * 예시 : 주로 꽃, 상품권, 보석류 및 중고차 매매상 등 업체에서 이용하는 통장이 범행도구로 이용됨. 퀵서비스 종사자 계좌로 사기피해금을 보낸 후 대신 찾아달라는 수법도 있음      <상거래 계좌 이용 금융사기 수법의 최근 사례>       ◉ 꽃집을 운영하는 피해신고인(심모씨, 50대, 여)은 사기범으로부터 ’15.4.10 오후 15만원짜리 꽃다발에 현금 200만원을 포장한 돈 꽃다발을 주문받음   ◦ 이후 사기범은 한시간 가량 5차례에 걸쳐 피해신고인에게 확인전화를 하여 안심시킨 후 금융사기 피해자에게 585만원을 입금하게 하였으며, 처남이라고 알려준 젊은 남성이 꽃집을 방문하여 현금차액 370만원과 선물바구니를 가져감   ⇒ 이 사건으로 585만원을 송금한 금융사기 피해자는 피해신고인의 계좌를 사기이용계좌로 신고하였으며, 피해신고인은 대포통장 명의인으로 등록되어 금융거래 제한조치를 받고 있음    4. 금융감독원 보안강화 안내문이 포함된 가짜 포털사이트를 이용한 피싱사이트 수법   □ PC에 악성코드를 유포, 인터넷 익스플로러 실행 시 금융감독원 안내문이 포함한 가짜 포털사이트로 이동시킨 후, 시중은행의 정상사이트를 모방한 피싱사이트로 유인하여 금융거래정보를 편취    <금감원 사칭 안내문이 포함된 가짜 포털사이트>",scenario,text,20151008,서민금융지원국,[]
text_013_20151008,"<최근 발생한 대출사기 유형>  1. ARS를 이용*하여 계좌번호, 신용카드 번호 등 개인정보 요구   ◦ 대출이 가능하다는 ARS 멘트에 따라 주민번호 입력을 유도한 후 상담사를 사칭한 사기범이 전화번호, 계좌번호, 신용카드 번호 등을 요구**하고 이를 이용해 피해자 명의로 대출을 받거나 대포통장을 개설   * 금년 7월 금융감독원이 ‘그 놈 목소리’를 통해 보이스피싱 사기범들의 목소리 및 수법을 공개함에 따라 최근에는 ARS 기법을 이용한 대출사기로 그 기법이 진화   ** ARS → 대출(1번) → 주민번호 입력 요구 → 상담사와 연결 → 계좌번호, 신용카드 번호 등 개인정보 요구 → 피해자 명의 대출, 대포통장 개설    2. 피싱사이트를 이용한 대출사기   ◦금융회사 인터넷 사이트를 사칭한 피싱사이트*를 개설 후 잔고증명, 전산조작비용 등의 명목으로 금전을 편취   * 예) 퇴출된 미래저축은행 사이트를 사칭 : www.mirae-sbank.com, www. MIRAESB.COM    3. 계좌잔액 증명, 변호사 수임료 등의 명목으로 금전을 요구   ◦ 대출을 실행하기 위해서 필요하며 계좌잔액증명, 공증료, 대출실행 수수료, 변호사수임료 명목으로 금전을 편취    4. 신용등급 상향조정을 이유로 관련비용 요구   ◦ 신용등급이 낮아 대출진행이 어려우므로 보증보험 가입이 필요하다며 보증보험료를 납부해야 한다거나,   ◦ 대출승인을 위해서는 일정기간(예, 3개월) 이자를 선납해야 한다면서 금전을 요구    5. 공공기관 직원을 사칭한 대출 사기   ◦ 최근 저금리의 대출을 알아보고 있던 피해자는 한국자산관리공사(캠코) 직원을 사칭한 자로부터,   - 캠코에서 보증하는 연 3%금리의 국민행복기금 대출을 받을 수 있으니 먼저 보증금을 입금하고, 2개월후 보증금을 환급할 때 필요하니 통장과 체크카드를 만들어 보내라’는 요청을 받았으나,   - 이후 대출은 되지 않고 보내준 본인의 계좌가 사기에 이용되어 대포통장 명의인으로 등록된 사실을 통보받음    6. 무인가 저축은행을 사칭한 대출 사기   ◦ 신고인 A씨는 경기도 분당에 거주하는 노인으로 청솔저축은행이 최근 영업을 재개했으며 “정부지원으로 대한민국 누구나 5,000만원까지 연7%”라는 거짓 문자메시지(발신번호 : 070-○○○○-○○○○)를 받아 금융감독원에 신고함   ◦ 신고인 B씨는 청솔저축은행의 문자메시지를 받고 발신번호로 전화하여 대출상담을 했더니 대환대출에 필요한 서류를 발급받는데 10만원이 필요하다고 하여 동 금액을 송금하였으나 돌려받지 못함",scenario,text,20151008,서민금융지원국,[]
text_014_20150825,"1. 개요  □ ’15.8.24일 실제 금감원 실장의 실명을 사칭한 보이스피싱 사기범이 금감원의 예금안전조치가 필요하다며, 직접 피해자의 자택을 방문하여 예금 4천만원을 가로채간 피해 발생   ◦금감원 직원을 사칭하며 독거노인 등 취약계층을 대상으로 한 고전적인 사기수법이 다시 성행할 우려가 있어 유의사항을 전파   ※ 보이스피싱 피해발생 과정   (1단계 : 피해자가 직접 예금을 현금으로 찾아오도록 유도) 사기범은 피해자의 신분증이 도용되어 즉시 금감원의 예금 안전조치가 필요하다며 예금을 전액 현금(4천만원)으로 인출하여 자택 냉장고에 보관토록 유도   (2단계 : 피해자의 예금을 가로채기 위해 피해자가 자택을 비우도록 유인) 사기범은 피해자에게 주민센터를 방문해 도용된 신분증을 재발급 받도록 하고, 금감원 직원이 자택을 방문해서 예금안전 조치를 할 수 있도록 자택 현관문을 잠그지 않도록 지시 → 피해자가 신분증 재발급을 위해 자택을 비운 사이, 사기범 일당이 자택에 침입해 냉장고속 예금(4천만원)을 가로채어 잠적함  2. 당부사항  □ 금융감독원 직원은 어떤 경우에도 일반 국민을 대상으로 개인․금융정보의 유출에 따른 안전조치를 이유로 예금을 현금으로 찾아 맡기도록 하거나 물품보관함, 냉장고 등에 넣어두도록 요청하지 않음   ◦ 만일, 금융감독원, 검찰, 경찰 등 정부기관의 직원이라고 하면서 개인․금융정보 유출에 따른 안전조치를 이유로 “예금을 현금으로 찾아서 가져와라”, “물품보관함 등에 넣어두라”고 한다면 100% 보이스피싱 사기조직이므로 절대 응하지 말고 즉시 경찰청(☏112)과 금융감독원(☏1332)에 신고해야 함",scenario,text,20150825,서민금융지원국,[]
text_015_20150708,"(사례 1)  피해자 B씨(20대, 남)는 군대를 전역해 직장을 구하던 중 아르바이트 사이트에서 한 건설회사의 전기보조 일을 찾게 되었다. 건설회사 과장은 “중간부터 일을 해도 월급이 다 나가 회사가 손해를 볼 수 있으니 통장을 한 달만 관리하겠다.”라고 제안했다.   B씨는 일을 구했다는 기쁜 마음에 과장이 요구한 통장과 카드, 카드 비밀번호 등을 모두 넘겼다. 하지만 과장은 그 다음날부터 전화를 받지 않았고, 2주 뒤 경찰서에서 ‘통장 양도 행위’와 관련하여 조사를 받으라는 통보가 왔다.   전자금융거래법을 위반한 혐의자 신분으로 조사를 받은 B씨는 후 신규 예금계좌 개설 제한, 전자금융 거래 제한 등으로 금융생활을 하는 데 아주 큰 불편을 겪어야만 했다.   (사례 2)   피해자 K씨는 지역신문인 교차로와 벼룩신문의 일자리를 구해주겠다는 광고를 보고 ○○인력중개소(연락처: 070-7△△△-8△△△, 070-7○○○-8○○○)로 전화하였는데,   ○○인력중개소에서 일자리를 소개해 주면 모 건설사에서 일당을 통장으로 지급하게 되고, 일자리 중개수수료를 받기 위하여 필요하다며 체크카드와 비밀번호를 보내달라고 하여 위 중개소로 보내주었고, 보내준 통장이 대포통장으로 이용되어 정상적인 금융생활에 큰 불편을 겪고 있다.",scenario,text,20150708,서민금융지원국,[]
text_016_20150708,"1. 개인회생･파산을 위한 서민 지원자금 대출상품이 있는 것처럼 경제기사 형식으로 금융소비자를 유인   * (사례) 개인회생, 파산 등의 명칭을 금융상품화하여 마치 정부에서 운영하는 상품으로 착각(신문기사로 오인)하게 하는 허위･과장광고     2. 미등록대부업자가 인지도가 높은 4대 정책 서민금융상품을 연상시키는 명칭 등을 홈페이지 명칭으로 불법적으로 사용   * (사례) 상호금융회사와 저축은행에서 취급하는 햇살론을 메인화면에 크게 게시하여 소비자를 유인(미등록 대부업자임)     3. 대부업자 홈페이지를 통해 대출모집인이 아니면서 제도권 금융회사 대출상품을 취급하는 것처럼 허위․과장광고   * (사례) 햇살론, NH농협캐피탈 대출 승인 사례를 소개하면서 햇살론 등 정책 서민금융 대출상품 승인이 가능한 것처럼 소비자를 유인(대출모집인일 경우 등록번호를 표기토록 규정)     4. 인터넷 포털사이트상 인지도 높은 서민금융 상품명을 도용하여 표기   * (사례) 바꿔드림론은 신용도가 낮은 서민의 고금리 대출을 은행의 저금리대출로 전환시켜주는 제도로 취급기관은 자산관리공사와 시중은행임     5. 신용조회 기록이 전혀 남지 않고 “믿을 수 있는 안심상담서비스”라는 과장문구를 사용하여 급전이 필요한 금융소비자를 상대로 대출상담을 위한 개인정보 입력을 유도   * (사례) 인터넷 상에서 개인정보 등을 매매하는 금융사기 등 각종 범죄에 이용하는 사례가 있어 유의할 필요(신용조회 기록 남음)",scenario,text,20150708,서민금융지원국,[]
text_017_20150708,"1. 금융상품(FX마진거래를 가장) 투자 고수익을 미끼로 한 자금 모집   ◦ “○○트레이더”는 해외에 본사를 두고 있다고 하면서 FX마진거래(외화선물거래)*를 통하여   * 일반적으로 FX마진거래는 가격의 변동성이 매우 큰 거래 특성상 지속적인 수익을 창출하기 어려워 투자에 유의할 필요가 있음   - 18개월동안 투자원금($5,000 ~ $30,000)에 따라 월평균 3∼8%의 고수익을 보장하고, 만기(18개월후)에는 원금도 보장하여 준다고 하면서 불법적으로 자금을 모집   2. 매일 수익 3%, 중국 거대 공기업 투자를 미끼로 한 자금 모집   ◦ 혐의업체(ㅇㅇㅇ스타펀드)는 대기업에서 운영하는 일반펀드와 달리 수익성과 안전성이 보장되는 중국 거대 공기업 투자를 빙자하여 인터넷사이트를 통하여   - 상기 펀드에 투자하면 투자규모(110달러 ~ 11,000달러)에 따라 수익금을 매일 3% ~ 3.5%씩, 총 150 ~ 600%가 될 때까지 지급한다고 하며 불법적으로 자금을 모집   3. 수익형(확정 임대료) 호텔식 별장 임대를 미끼로 불법 자금 모집   ◦ 지방 소재 B사는 호텔식 주말 별장(수익형)의 임대 회원을 모집하기 위하여 2천만원대의 저렴한 보증금(2,400만원, 스탠다드형 기준)을 내면 나만의 별장을 쓰면서 본인이 사용하지 않을 때에는 국내 유명 여행사나 기업체 등에 임대하여   - 은행금리의 2배에 해당하는 연 7%～8%의 확정 임대수익을 3년 동안(3년간 18～24%) 지급해 주고, 3년후 보증금 전액을 반환하여 준다며 불법적으로 자금을 모집  4. 특수작물 재배사업으로 고수익을 미끼로 한 자금모집   ◦ ㅇㅇ비타민나무영농조합은 동 조합에 3,300만원(2구좌)을 투자하여 임야(500평)를 구입하면, 해당 임야에 비타민나무를 식재해주고 영농위탁계약을 맺으면 4년 후부터 비타민나무의 열매 판매 수익 등을 통하여   - 매년 2,000만원(매월 160만원정도)씩 10년간 지급하여 준다고 하면서 조합원들에게 자금을 모집   5. 은행 가상계좌를 악용, 사이버 계(契)를 통한 신종 불법 자금 모집   ◦ 서울의 H사는 인터넷상 사이버 대동계(契) H사이트(33만원방과 66만원방)를 개설하고, 은행의 가상계좌를 자금모집 창구로 활용하여 회원이 33만원방에 가입하고 33만원을 은행의 가상계좌에 입금하고서 6명의 하위 계원을 모집하게 되면,   - 피라미드式으로 56만원 등 최종적으로 총 672만원을 받게 된다고 현혹하여 불법적으로 자금을 모집   6. 황금알을 낳는 금테크(골드바) 사업 투자를 미끼로 한 자금 모집   ◦ 혐의업체(○○골덱스)는 현재 두바이에서 골드바 유통사업을 하는 세계적인 회사인데, 골드바에 1,050유로(한화 약 150만원)를 투자하고 2명의 투자자를 추천하면 고수익 보상프로그램에 의해 5,950유로(약 800만원)를 지급   - 만약, 투자자 2명을 추천하지 못 할 경우 원금을 되돌려준다고 하면서 불법적으로 자금을 모집",scenario,text,20150708,서민금융지원국,[]
text_018_20150708,"1. ○○사회복지관 사칭 사례   ◦ 사기범은 ○○사회복지관을 사칭, 정부는 ‘메리스 격리자들에게 3인 가구당 90여만원을 지원하기로 결정했다.’며 전화을 통해 정부지원금 지급에 필요한 개인정보를 알려달라고 요청   * 주민등록번호, 계좌번호, 이름, 주소 등    2. ○○○보건소 사칭 사례   ◦ ○○○보건소 직원을 사칭한 자로부터,   - ‘주민등록번호와 계좌번호를 알려주면 정부에서 지원하고 있는 메르스 피해 지원금을 입급해 주겠다.’라는 전화를 받음",scenario,text,20150708,서민금융지원국,[]
text_019_20150708,"1. 불법금융투자업체의 행위별 적발사례  (1) 선물계좌 대여 방식의 무인가투자중개업   (2) 미니선물거래 방식의 무인가투자중개업    (3) 대여업체 알선 방식의 무인가투자중개업   2. 각 불법금융투자업체 피해 사례  (1) 무인가투자중개업을 영위한 혐의로 인한 피해  피해자 A씨는 인터넷 홈페이지에 선물대여업체 이벤트 광고를 보고 가입한 후 거래를 시작 처음에 작은 금액을 입금하였을 때는 출금처리를 잘해주다가 금액이 많아지면서 각종 거짓말을 통해 출금을 거부하여 22백만원 피해를 입음(여러 개의 입금계좌를 이용하여 투자금을 받으며 수시로 입금계좌를 변경하는 것으로 생각됨)  (2) 무인가집합투자업을 영위한 혐의로 인한 피해  피해자 D씨는 금광개발을 미끼로 다단계방식으로 주식을 판매하는 E업체으로부터 모집한 투자자가 20만원 투자시 20주(1주당 1만원)을 주고 스필오버 산하에 7명이 들어 올 때마다 20주씩 지급하며 추천수당으로 소개할 때마다 10만원을 지급하고, 또한 100만원이상 투자자는 50% 할인하여 5000원에 판매하고 있으며 이 주식이 상장되면 3만원 이상 된다고 이야기하여, D씨는 1억원을 투자하였으나 정상적인 주식을 받지 못하였으며 현재 소송을 제기한 상태임  (3) 미등록투자일임업을 영위한 혐의로 인한 피해  피해자 F는 증권방송 리딩전문가(유사투자자문업 신고)에게 일임하여 선물옵션을 투자할 목적으로 자금 입금하였으며 또한 불법대여계좌를 소개받아 자신이 운영하였으나 양쪽 모두에서 큰 손실을 봄",scenario,text,20150708,서민금융지원국,[]
text_020_20150617,"보이스피싱 전화는 개인의 휴대폰, 집전화뿐만 아니라, 직장 사무실 전화로도 걸려옵니다.  따라서, 거래처나 개인 우편물, 자택 택배 도착 등을 내세우며  개인의 금융거래정보(예 : 거래 은행명, 잔액, 계좌번호, 계좌비밀번호, 보안카드나 OTP번호 등)를 요구하는  낯선 전화일 경우 보이스피싱 전화일 수 있으니 각별한 주의가 필요합니다.    아울러, 보이스피싱 의심 전화를 휴대폰, 사무실 또는 자택전화로 수신한 분께서는 통화 내용을 녹취하여  금융사기대응팀 앞으로 전달해 주시면, 금융사기 예방업무에 적절히 활용하도록 하겠습니다.     → 녹취 파일 전달 문의 : 금융감독원 서민금융지원국 금융사기대응팀, 02-3145-6594번으로 문의       ※ 직장 사무실 전화로 걸려온 보이스피싱 전화의 수신내용 개요   1. 수신시각 : 2015.6.17. 10:08   2. 발신번호 : 001004008004   3. 내용 :   (1) 우체국에서 발송한 등기를 장기간 받지 않아 반송 조치하겠다는 ARS 전화가 왔고, 상담원 연결을 원하면 9번을 누르도록 유도   (2) 9번을 누르자, 한 남성에게 전화가 연결됐고 본인의 이름을 물어봄   (3) 이름을 말해주자, 본인 앞으로 마이너스통장이 발급되었고, 동 내용을 확인해 주겠다며 추가적인 금융거래 정보를 말하도록 유도",scenario,text,20150617,서민금융지원국,[]
text_021_20150617,"1. 저금리 대출 전환을 미끼로 사기   ◦ ’15.2월 사기범은 ○○캐피탈에 근무하는 ○○○과장이라고 이름을 밝히고 저금리대출을 소개해 주겠다고 하여, 피해자는 혹시 몰라 ○○캐피탈 홈페이지에서 동일한 대표전화번호임을 확인하고 대출을 진행하였으며,   - 그후 ○○○과장은 저금리 대출심사에 필요한 전산작업비용, 수수료 등을 보내라고 하여 총 170만원을 송금하였으나 추후 대출사기로 확인됨     2. 신용등급 상향조정 명목으로 관련 비용 요구   ◦ ’15.1월 피해자는 ○○저축은행을 사칭하여 전화한 사기범으로부터 신용등급이 낮지만 대출은 가능하다는 전화를 받고 보증보험료, 선납이자 85만원을 송금함   - 한편, 사기범은 대출금 2천만원 승인은 이루어졌으나 신용등급이 낮기 때문에 대출실행을 하기 위해서는 입출금 등 금융거래실적을 증명해야 한다고 하여, 피해자는 200만원을 타인에게 빌려 사기범에게 자금이체를 하였으나, 사기범은 다시 피해자에게 이체하여 주기로 한 약속을 불이행하고 동 금액을 편취   3. 공증료, 공탁금 등 법률비용 요구     ◦ ’15.3월 사기범은 정부기관을 사칭, 정부에서 신용이 어려운 분들에게 서민대출을 취급하는 곳이으므로 안심하라고 하면서 자금이 필요한가를 묻기에 피해자는 의심하지 않고 대출거래신청서를 작성하여 송부하였으나,   - 그후 사기범으로부터, 대출은 승인되었는데 은행 신용상태가 안 좋으니 채무불이행에 대비하여 ○○○법무사에게 공증료 및 공탁금 180만원을 필요하다는 요구를 받고 동 금액을 이체하였으나 대출사기를 당함     4. 대출알선을 미끼로 체크카드, 통장사본, 신분증사본 등을 요구   ◦ ’15.2월 급전이 필요한 피해자는 사기범이 ○○캐피탈 직원을 사칭하면서 얼마나 대출이 가능한지 알려주겠다고 하며 신분증사본을 요구하여 팩스로 송부함   - 사기범은 피해자가 금융거래실적이 부족해서 대출이 안되니 통장과 체크카드를 보내주면 금융거래실적을 높여서 1,000만원까지 대출 가능하게 한다고 하여 택배기사를 통해 전달함   - 그러나 사기범은 피해자에게 통장과 체크카드 잘 받았다고 몇일만 기다리라고 한 이후 연락을 두절하였고, 이후 피해자 통장이 대포통장으로 이용된 것이 확인됨     5. 공공기관 직원을 사칭한 대출 사기   ◦ 최근 저금리의 대출을 알아보고 있던 피해자는 한국자산관리공사(캠코) 직원을 사칭한 자로부터,   - 캠코에서 보증하는 연 3%금리의 국민행복기금 대출을 받을 수 있으니 먼저 보증금을 입금하고, 2개월후 보증금을 환급할 때 필요하니 통장과 체크카드를 만들어 보내라’는 요청을 받았으나,   - 이후 대출은 되지 않고 보내준 본인의 계좌가 사기에 이용되어 대포통장 명의인으로 등록된 사실을 통보받음     6. 무인가 저축은행을 사칭한 대출 사기   ◦ 신고인 A씨는 경기도 분당에 거주하는 노인으로 인근 건물 3층 건물에 영업을 재개했다는 청솔저축은행의 현수막이 걸려 있고 동 행(발신번호 : 070-○○○○-○○○○)에서 “정부지원으로 대한민국 누구나 5,000만원까지 연7%”라는 문자메시지를 받아 금융감독원에 신고함   ◦ 신고인 B씨는 청솔저축은행의 문자메시지를 받고 발신번호로 전화하여 대출상담을 했더니 대환대출에 필요한 서류를 발급받는데 10만원이 필요하다고 하여 동 금액을 송금하였으나 돌려받지 못함",scenario,text,20150617,서민금융지원국,[]
text_022_20150617,1. 불법 금융광고 전달매체별 사례   (1) 문자메시지 사례        (2) 인터넷 광고 사례    (3) 팩스 광고 사례    2. 불법 금융광고 주제별 사례  (1) 개인신용정보 매매 사례      (2) 무등록 대부업 사례     (3) 소액결재 사례     (4) 작업대출 사례    (5) 통장 매매 사례,scenario,text,20150617,서민금융지원국,[]
text_023_20150617,"1. 예금통장 매매   ◦피해자 윤모씨(여, 40대 중반)는 '14.12월말경 ‘○○저축은행’ 팀장을 사칭하는 이로부터 대환대출이 가능하다는 전화를 받고 대출조건 등을 문의   ◦피해자는 사기범이 알려준 주소로 퀵서비스를 이용해 예금통장과 현금카드를 발송하였으며, 조만간 담당직원이 방문하여 계약서를 작성할 것이라는 말에 일단 몇일간 기다렸으나   ◦사기범과 전화연결이 되지 않는 점을 이상하게 여겨 본인의 통장거래내역을 확인해 본 결과, 피해자의 통장에 금융사기 피해자금 600만원(120만원, 5회)이 입금됐다 전액 인출된 것을 확인   2. 개인신용정보 매매   ◦피해자 박모씨(여, 미상)는 '14.8월경 대출이 가능하다고 접근한 대부업체 직원에게 대출관련 각종 서류(신분증, 인감증명서, 통장거래내역, 주민등록등‧초본 등)를 팩스로 송부한 후 대출 진행경과를 기다리던 중 대출을 해주기로 한 직원이 연락이 되지 않자 본인이 넘겨준 정보로 인해 발생가능한 피해에 대한 예방요령에 대해 문의하여   ◦개인정보노출자사고예방시스템 등록, 휴대전화 명의도용방지서비스 가입 및 주민등록번호클린센터를 통한 개인정보 노출현황 확인, 인감증명 및 주민등록증 재발급 및 무료신용조회 서비스 등을 안내    3. 서류조작을 통한 작업대출   ◦피해자 장모씨(남, 미상)는 '14.7월경 무직자, 저신용등급자에 대한 대출가능 여부를 작업대출 광고 업자에게 문의하자, 현재 신용등급이 너무 낮아 일반대출 진행은 어렵고, 대신 캐피탈회사를 통한 자동차 할부금융 방식으로의 대출은 가능하다고 답변을 받음  ◦이후 피해자는 작업대출업자의 서류작업 및 중개를 통해 피해자 명의 자동차 할부금융으로 3,000만원의 자동차를 매입하였으며, 작업대출업자는 피해자로부터 자동차를 재매입한 후 자동차 매입가의 30%인 900만원만 피해자에게 전달(→ 결국 대출의뢰자는 900만원을 현금으로 받고 3,000만원(원금기준)을 상환)    4. 휴대전화 소액결제대출   ◦피해자 강모씨(남, 50대초반)는 ’14. 9월 하순경 핸드폰 문자를 통해 “휴대전화 소액결제로 대출 가능”이라는 광고를 접한 후 휴대폰깡 업자에게 연락을 취함   ◦휴대폰깡 업자는 현금 75만원을 융통해주는 조건으로 휴대전화 3대 개통을 요구하였으며, 휴대전화 한대당 30만원 상당의 소액결제를 일으킨 후 25만씩만 융통하여 줌   ◦이후 휴대전화 3대에 대한 단말기 할부금 및 소액결제 대금이 연체되는 등 불편을 호소    5. 무등록 대부업 영위   ◦피해자(남, 40대 중반)는 ’14.11.17일 혐의업체(H업체*)가 OO교차로에 ‘은행권 당일대출’ 등의 내용으로 게재한 광고를 보고 11.21일 유선상으로 대출가능여부를 문의하니 혐의업체 직원은 500~2,500만원까지 은행권 대출이 가능하며 대출금의 10%를 작업비로 선입금하라고 요구함   ◦당초 신청한 대출금액(500만원) 보다 많은 액수(2,000만원, 3000만원 등)의 대출을 해주겠다면서 작업비 입금 액수를 추가로 요구하는 방식으로 총 650만원을 송금하게 한 후 연락이 두절된 상태  ＊ H업체는 서울시에 동일 등록번호 및 상호의 대부업체가 등록되어 있으나 소재지 및 연락처가 상이한 등 무등록업체가 명의를 도용한 것으로 추정",scenario,text,20150617,서민금융지원국,[]
text_024_20150617,"최근 발생 큐싱(Qshing)사기 사례    ❅ 신고내용(불법사금융 신고센터) 신고자는 ○○은행 스마트뱅킹으로 자금이체를 진행하던 중 추가인증이 필요하다며 QR코드가 나타나 메시지에 따라 앱 설치 후 보안카드를 비추는 순간 금융사기로 인식되어 동작을 멈추었으나, 통신사에 확인해 보니 게임머니 등으로 35만원이 소액결제 처리되었음      ❅ 큐싱(Qshing)사기 진행 절차 금융범죄자는   스마트폰을 악성코드에 감염시켜 사용자가 정상 금융 사이트에 접속하더라도 가짜 금융사이트(피싱사이트)로 연결되게 하고,   가짜 금융사이트에서 추가인증이 필요한 것처럼 QR코드를 보여주고 이를 통해 악성 앱이 설치되도록 유도   악성 앱을 통해 보안카드, 전화번호, 문자메시지 등의 정보를 탈취하고 문자 수신방해, 착신전환 서비스 설정 등 모바일 환경을 조작하여   소액결제, 자금이체 등 금전적 이득을 위한 금융사기 피해를 유발   ※ QR코드는 간단한 사진 촬영만으로 각종 정보를 획득할 수 있어 유용하지만, 악용될 경우 정상URL를 중간에서 가로채 악성링크로 접속을 유도하거나 직접 악성코드를 심는 통로로 활용될 가능성이 많음에 따라   → 스마트폰 보안점검 앱인 폰키퍼* 등을 활용하여 악성코드 감염방지 필요 * 한국인터넷진흥원(KISA)에서 배포  ※ 금융소비자 피해예방 요령 등은 관련 보도자료를 참고하시기 바랍니다.",scenario,text,20150617,서민금융지원국,[]
text_025_20150617,스마트폰 이용 소액결제 피해 사례   상품권 제공 문자 받고 사이트 접속 후 소액결제   ◦ ’15.1월 경기도 성남에 거주하는 박모씨(남)는 ‘○○○치킨 첫 행사 만원 할인 쿠폰 제공’ 문자를 받고 악성 앱인지를 인식하지 못한 박모씨는 해당 웹사이트를 클릭해 앱을 설치했으나 실행되지 않아 별다른 의심 없이 웹사이트를 종료   ◦ 이후 요금청구서를 보고 게임머니 구매 용도로 20만원이 결제되었다는 사실을 알게 되어 깜짝 놀라 금감원에 신고   스마트뱅킹중 악성 앱 설치를 유도한 후 예금액 인출   ◦ ’15.3월 서울시 송파구에 거주하는 김모씨(여)는 ○○은행 스마트뱅킹을 이용하던 중 ‘보안프로그램 강화를 위해 앱을 설치하라’는 메시지에 따라 앱 설치 후 보안카드 전･후면 인식 절차를 진행   ◦ 다음날 본인 모르게 170만원이 인출된 사실을 알고 지급정지를 신청   소액 결제 취소를 미끼로 승인번호 입력 유도   ◦ ’15.3월 경기도 평택에 거주하는 일용직 근로자 이모씨(남)는 ‘30만원 결제 완료/ 익월 요금 합산 청구/ 결제 취소 및 문의 전화/ 070-XXXX-XXXX' 문자를 수신 받고 깜짝 놀라 발신번호로 전화를 함   ◦ 전화를 받은 사기범은 이모씨에게 잠시후 발송되는 인증번호를 제시하면 취소해 줄 수 있다고 하기에 순순히 답변하고 전화를 끊었으나 사용하지도 않은 게임머니로 30만원이 결제 확인되어 이를 금감원에 신고   통신사 직원을 사칭해 승인번호 입력 요청   ◦ ’15.2월 대전광역시에 거주하는 정모씨(여)는 ‘30만원 소액결제처리’ 문자 수신 직후 ○○통신사 직원이라며 전화가 걸려와 ‘소액 결제를 취소해 줄 테니 승인번호를 입력해 달라’고 요청   ◦ 통신사 직원의 말에 따라 승인번호를 입력하고 전화를 끊었으나 아무래도 스미싱 사기로 느껴져 친구 휴대폰을 통해 통신사 결제 여부를 확인해 보았더니 30만원이 소액 결제된 것으로 확인되어 신고   ※ 피해 대응 요령 등은 관련 보도자료를 참고하시기 바랍니다.,scenario,text,20150617,서민금융지원국,[]
text_026_20121120,"[사기수법]  타인의 인터넷 메신저 아이디와 비밀번호를 해킹하여 로그인한 후 이미 등록되어 있는 가족, 친구 등 지인에게 1:1 대화 또는 쪽지 등을 통해 금전, 교통사고 합의금 등 긴급자금을 요청하고 피해자가 속아 송금하면 이를 편취하는 방식으로, 해외에 서버를 두고 해킹하는 경우가 많고 대포통장을 이용하기 때문에 범인검거가 쉽지 않음   [피해사례]  회사원 E씨(28세, 여)는 오후 4시경 친언니의 네이트온 아이디를 도용한 사기범으로부터 “급하게 송금해줘야 할 데가 있으니 OOO명의 계좌로 270만원을 송금해주면 저녁에 주겠다”는 메시지를 받고 송금하여 피해를 봄",scenario,text,20121120,서민금융지원국,[]
